time,co2,lat,lon,alt
2021-03-02 08:09:43,420.0,35.1941353,-106.596338,1542.26
2021-03-02 08:09:44,420.0,35.1941355,-106.5963382,1542.31
2021-03-02 08:09:45,420.0,35.1941357,-106.5963384,1542.34
2021-03-02 08:09:46,420.0,35.1941358,-106.5963386,1542.36
2021-03-02 08:09:47,420.0,35.1941358,-106.5963387,1542.39
2021-03-02 08:09:48,420.0,35.1941359,-106.5963389,1542.44
2021-03-02 08:09:49,420.0,35.1941359,-106.5963391,1542.47
2021-03-02 08:09:50,420.0,35.194136,-106.5963392,1542.49
2021-03-02 08:09:51,420.0,35.194136,-106.5963393,1542.52
2021-03-02 08:09:52,420.0,35.194136,-106.5963395,1542.55
2021-03-02 08:09:53,420.0,35.1941359,-106.5963396,1542.58
2021-03-02 08:09:54,420.0,35.194136,-106.5963398,1542.62
2021-03-02 08:09:55,420.0,35.194136,-106.5963399,1542.66
2021-03-02 08:09:56,420.0,35.1941361,-106.59634,1542.69
2021-03-02 08:09:57,420.0,35.1941361,-106.5963401,1542.69
2021-03-02 08:09:58,420.0,35.1941362,-106.5963402,1542.71
2021-03-02 08:09:59,420.0,35.1941361,-106.5963404,1542.72
2021-03-02 08:10:00,420.0,35.194136,-106.5963405,1542.72
2021-03-02 08:10:01,420.0,35.1941361,-106.5963406,1542.75
2021-03-02 08:10:02,420.0,35.1941361,-106.5963408,1542.77
2021-03-02 08:10:03,420.0,35.1941362,-106.5963409,1542.78
2021-03-02 08:10:04,420.0,35.1941362,-106.596341,1542.81
2021-03-02 08:10:05,420.0,35.1941363,-106.5963412,1542.83
2021-03-02 08:10:06,420.0,35.1941363,-106.5963413,1542.83
2021-03-02 08:10:07,420.0,35.1941364,-106.5963414,1542.83
2021-03-02 08:10:08,420.0,35.1941364,-106.5963415,1542.83
2021-03-02 08:10:09,420.0,35.1941365,-106.5963415,1542.84
2021-03-02 08:10:10,420.0,35.1941364,-106.5963416,1542.84
2021-03-02 08:10:11,420.0,35.1941365,-106.5963417,1542.84
2021-03-02 08:10:12,420.0,35.1941365,-106.5963418,1542.84
2021-03-02 08:10:13,420.0,35.1941365,-106.5963418,1542.83
2021-03-02 08:10:14,420.0,35.1941365,-106.5963418,1542.82
2021-03-02 08:10:15,420.0,35.1941364,-106.5963418,1542.81
2021-03-02 08:10:16,420.0,35.1941364,-106.5963418,1542.8
2021-03-02 08:10:17,420.0,35.1941363,-106.5963418,1542.79
2021-03-02 08:10:18,420.0,35.1941362,-106.5963418,1542.77
2021-03-02 08:10:19,420.0,35.1941361,-106.5963418,1542.76
2021-03-02 08:10:20,420.0,35.194136,-106.5963418,1542.75
2021-03-02 08:10:21,420.0,35.194136,-106.5963419,1542.74
2021-03-02 08:10:22,420.0,35.1941359,-106.5963419,1542.74
2021-03-02 08:10:23,420.0,35.1941358,-106.5963419,1542.71
2021-03-02 08:10:24,420.0,35.1941358,-106.5963419,1542.72
2021-03-02 08:10:25,420.0,35.1941357,-106.5963418,1542.71
2021-03-02 08:10:26,420.0,35.1941356,-106.5963418,1542.7
2021-03-02 08:10:27,420.0,35.1941356,-106.5963418,1542.69
2021-03-02 08:10:28,420.0,35.1941357,-106.5963417,1542.68
2021-03-02 08:10:29,420.0,35.1941358,-106.5963417,1542.7
2021-03-02 08:10:30,420.0,35.1941358,-106.5963417,1542.71
2021-03-02 08:10:31,420.0,35.1941359,-106.5963417,1542.7
2021-03-02 08:10:32,420.0,35.194136,-106.5963417,1542.72
2021-03-02 08:10:33,420.0,35.194136,-106.5963417,1542.73
2021-03-02 08:10:34,420.0,35.1941359,-106.5963417,1542.72
2021-03-02 08:10:35,420.0,35.1941359,-106.5963416,1542.71
2021-03-02 08:10:36,420.0,35.1941359,-106.5963416,1542.69
2021-03-02 08:10:37,420.0,35.1941358,-106.5963416,1542.68
2021-03-02 08:10:38,420.0,35.1941358,-106.5963416,1542.66
2021-03-02 08:10:39,420.0,35.1941358,-106.5963415,1542.64
2021-03-02 08:10:40,420.0,35.1941358,-106.5963415,1542.63
2021-03-02 08:10:41,420.0,35.1941357,-106.5963414,1542.62
2021-03-02 08:10:42,420.0,35.1941357,-106.5963414,1542.6
2021-03-02 08:10:43,420.0,35.1941357,-106.5963414,1542.58
2021-03-02 08:10:44,420.0,35.1941356,-106.5963414,1542.56
2021-03-02 08:10:45,420.0,35.1941356,-106.5963414,1542.55
2021-03-02 08:10:46,420.0,35.1941356,-106.5963414,1542.54
2021-03-02 08:10:47,420.0,35.1941356,-106.5963413,1542.51
2021-03-02 08:10:48,420.0,35.1941355,-106.5963413,1542.49
2021-03-02 08:10:49,420.0,35.1941355,-106.5963413,1542.49
2021-03-02 08:10:50,420.0,35.1941355,-106.5963413,1542.48
2021-03-02 08:10:51,420.0,35.1941354,-106.5963413,1542.47
2021-03-02 08:10:52,420.0,35.1941353,-106.5963413,1542.45
2021-03-02 08:10:53,420.0,35.1941353,-106.5963413,1542.44
2021-03-02 08:10:54,420.0,35.1941352,-106.5963413,1542.43
2021-03-02 08:10:55,420.0,35.1941352,-106.5963414,1542.43
2021-03-02 08:10:56,420.0,35.1941352,-106.5963414,1542.43
2021-03-02 08:10:57,420.0,35.1941352,-106.5963414,1542.43
2021-03-02 08:10:58,420.0,35.1941352,-106.5963413,1542.42
2021-03-02 08:10:59,420.0,35.1941351,-106.5963413,1542.42
2021-03-02 08:11:00,420.0,35.1941351,-106.5963413,1542.41
2021-03-02 08:11:01,420.0,35.194135,-106.5963412,1542.41
2021-03-02 08:11:02,420.0,35.1941349,-106.5963412,1542.4
2021-03-02 08:11:03,420.0,35.1941348,-106.5963413,1542.39
2021-03-02 08:11:04,420.0,35.1941348,-106.5963413,1542.38
2021-03-02 08:11:05,420.0,35.1941348,-106.5963413,1542.37
2021-03-02 08:11:06,420.0,35.1941348,-106.5963413,1542.38
2021-03-02 08:11:07,420.0,35.1941348,-106.5963414,1542.37
2021-03-02 08:11:08,420.0,35.1941347,-106.5963414,1542.37
2021-03-02 08:11:09,420.0,35.1941348,-106.5963415,1542.38
2021-03-02 08:11:10,420.0,35.1941348,-106.5963415,1542.38
2021-03-02 08:11:11,420.0,35.1941348,-106.5963416,1542.38
2021-03-02 08:11:12,420.0,35.1941349,-106.5963417,1542.38
2021-03-02 08:11:13,420.0,35.1941348,-106.5963417,1542.37
2021-03-02 08:11:14,420.0,35.1941348,-106.5963418,1542.37
2021-03-02 08:11:15,420.0,35.1941349,-106.5963419,1542.38
2021-03-02 08:11:16,420.0,35.1941349,-106.596342,1542.37
2021-03-02 08:11:17,420.0,35.1941349,-106.5963421,1542.36
2021-03-02 08:11:18,420.0,35.1941349,-106.5963421,1542.35
2021-03-02 08:11:19,420.0,35.1941349,-106.5963422,1542.33
2021-03-02 08:11:20,420.0,35.1941349,-106.5963423,1542.32
2021-03-02 08:11:21,420.0,35.1941349,-106.5963424,1542.31
2021-03-02 08:11:22,420.0,35.1941349,-106.5963425,1542.3
2021-03-02 08:11:23,420.0,35.194135,-106.5963426,1542.3
2021-03-02 08:11:24,420.0,35.194135,-106.5963427,1542.3
2021-03-02 08:11:25,420.0,35.1941349,-106.5963428,1542.29
2021-03-02 08:11:26,420.0,35.1941349,-106.5963429,1542.29
2021-03-02 08:11:27,420.0,35.1941349,-106.596343,1542.28
2021-03-02 08:11:28,420.0,35.1941366,-106.5963441,1541.8
2021-03-02 08:11:29,420.0,35.1941366,-106.5963441,1541.79
2021-03-02 08:11:30,420.0,35.1941367,-106.5963442,1541.79
2021-03-02 08:11:31,420.0,35.1941367,-106.5963442,1541.79
2021-03-02 08:11:32,420.0,35.1941367,-106.5963443,1541.79
2021-03-02 08:11:33,420.0,35.1941366,-106.5963443,1541.78
2021-03-02 08:11:34,420.0,35.1941366,-106.5963444,1541.78
2021-03-02 08:11:35,420.0,35.1941366,-106.5963444,1541.77
2021-03-02 08:11:36,420.0,35.1941366,-106.5963444,1541.76
2021-03-02 08:11:37,420.0,35.1941365,-106.5963444,1541.77
2021-03-02 08:11:38,420.0,35.1941365,-106.5963443,1541.78
2021-03-02 08:11:39,420.0,35.1941365,-106.5963443,1541.78
2021-03-02 08:11:40,420.0,35.1941365,-106.5963443,1541.78
2021-03-02 08:11:41,420.0,35.1941364,-106.5963442,1541.77
2021-03-02 08:11:42,420.0,35.1941363,-106.5963441,1541.74
2021-03-02 08:11:43,420.0,35.1941363,-106.5963442,1541.74
2021-03-02 08:11:44,420.0,35.1941362,-106.5963443,1541.74
2021-03-02 08:11:45,420.0,35.1941362,-106.5963442,1541.73
2021-03-02 08:11:46,420.0,35.1941361,-106.5963442,1541.73
2021-03-02 08:11:47,420.0,35.1941361,-106.5963442,1541.72
2021-03-02 08:11:48,420.0,35.194136,-106.5963441,1541.7
2021-03-02 08:11:49,420.0,35.194136,-106.5963441,1541.69
2021-03-02 08:11:50,420.0,35.1941359,-106.5963441,1541.68
2021-03-02 08:11:51,420.0,35.1941358,-106.5963441,1541.68
2021-03-02 08:11:52,420.0,35.1941357,-106.5963441,1541.67
2021-03-02 08:11:53,420.0,35.1941356,-106.5963441,1541.66
2021-03-02 08:11:54,420.0,35.1941355,-106.5963441,1541.65
2021-03-02 08:11:55,420.0,35.1941354,-106.596344,1541.65
2021-03-02 08:11:56,420.0,35.1941354,-106.596344,1541.63
2021-03-02 08:11:57,420.0,35.1941353,-106.596344,1541.61
2021-03-02 08:11:58,420.0,35.1941351,-106.596344,1541.59
2021-03-02 08:11:59,420.0,35.194135,-106.596344,1541.58
2021-03-02 08:12:00,420.0,35.194135,-106.596344,1541.57
2021-03-02 08:12:01,420.0,35.1941349,-106.5963439,1541.55
2021-03-02 08:12:02,420.0,35.1941347,-106.5963438,1541.52
2021-03-02 08:12:03,420.0,35.1941346,-106.5963439,1541.5
2021-03-02 08:12:04,420.0,35.1941345,-106.5963438,1541.48
2021-03-02 08:12:05,420.0,35.1941344,-106.5963437,1541.47
2021-03-02 08:12:06,420.0,35.1941344,-106.5963437,1541.44
2021-03-02 08:12:07,420.0,35.1941343,-106.5963436,1541.43
2021-03-02 08:12:08,420.0,35.1941342,-106.5963435,1541.4
2021-03-02 08:12:09,420.0,35.1941342,-106.5963435,1541.4
2021-03-02 08:12:10,420.0,35.1941341,-106.5963434,1541.38
2021-03-02 08:12:11,420.0,35.1941339,-106.5963433,1541.36
2021-03-02 08:12:12,420.0,35.1941339,-106.5963433,1541.35
2021-03-02 08:12:13,420.0,35.1941338,-106.5963432,1541.33
2021-03-02 08:12:14,420.0,35.1941338,-106.596343,1541.32
2021-03-02 08:12:15,420.0,35.1941337,-106.5963429,1541.29
2021-03-02 08:12:16,420.0,35.1941336,-106.5963428,1541.28
2021-03-02 08:12:17,420.0,35.1941335,-106.5963428,1541.3
2021-03-02 08:12:18,420.0,35.1941333,-106.5963428,1541.36
2021-03-02 08:12:19,420.0,35.1941331,-106.5963429,1541.5
2021-03-02 08:12:20,420.0,35.1941326,-106.5963431,1541.63
2021-03-02 08:12:21,420.0,35.1941323,-106.5963431,1541.79
2021-03-02 08:12:22,420.0,35.194132,-106.5963432,1542.03
2021-03-02 08:12:23,420.0,35.1941316,-106.5963434,1542.31
2021-03-02 08:12:24,420.0,35.1941313,-106.5963432,1542.62
2021-03-02 08:12:25,420.0,35.1941313,-106.5963429,1542.95
2021-03-02 08:12:26,420.0,35.1941314,-106.5963425,1543.3
2021-03-02 08:12:27,420.0,35.1941316,-106.5963422,1543.71
2021-03-02 08:12:28,420.0,35.1941319,-106.596342,1544.1
2021-03-02 08:12:29,420.0,35.1941322,-106.5963416,1544.46
2021-03-02 08:12:30,420.0,35.1941328,-106.5963415,1544.87
2021-03-02 08:12:31,420.0,35.1941333,-106.5963414,1545.28
2021-03-02 08:12:32,420.0,35.1941338,-106.5963414,1545.69
2021-03-02 08:12:33,420.0,35.1941343,-106.5963417,1546.15
2021-03-02 08:12:34,420.0,35.1941348,-106.596342,1546.61
2021-03-02 08:12:35,420.0,35.1941352,-106.5963421,1547.03
2021-03-02 08:12:36,420.0,35.1941356,-106.5963421,1547.44
2021-03-02 08:12:37,420.0,35.1941359,-106.5963423,1547.89
2021-03-02 08:12:38,420.0,35.1941361,-106.5963427,1548.29
2021-03-02 08:12:39,420.0,35.1941362,-106.5963431,1548.68
2021-03-02 08:12:40,420.0,35.1941363,-106.5963433,1549.07
2021-03-02 08:12:41,420.0,35.1941363,-106.5963437,1549.37
2021-03-02 08:12:42,420.0,35.1941364,-106.596344,1549.62
2021-03-02 08:12:43,420.0,35.1941363,-106.5963441,1549.81
2021-03-02 08:12:44,420.0,35.1941362,-106.5963442,1550.04
2021-03-02 08:12:45,420.0,35.1941361,-106.5963445,1550.23
2021-03-02 08:12:46,420.0,35.1941359,-106.5963448,1550.33
2021-03-02 08:12:47,420.0,35.1941357,-106.5963452,1550.43
2021-03-02 08:12:48,420.0,35.1941354,-106.5963455,1550.54
2021-03-02 08:12:49,420.0,35.1941351,-106.5963456,1550.6
2021-03-02 08:12:50,420.0,35.1941349,-106.5963457,1550.65
2021-03-02 08:12:51,420.0,35.1941345,-106.5963458,1550.67
2021-03-02 08:12:52,420.0,35.1941342,-106.5963458,1550.69
2021-03-02 08:12:53,420.0,35.1941339,-106.5963457,1550.69
2021-03-02 08:12:54,420.0,35.1941337,-106.5963456,1550.72
2021-03-02 08:12:55,420.0,35.1941336,-106.5963452,1550.74
2021-03-02 08:12:56,420.0,35.1941337,-106.5963447,1550.74
2021-03-02 08:12:57,420.0,35.1941339,-106.5963441,1550.74
2021-03-02 08:12:58,420.0,35.1941345,-106.5963435,1550.72
2021-03-02 08:12:59,420.0,35.1941352,-106.596343,1550.71
2021-03-02 08:13:00,420.0,35.1941362,-106.5963425,1550.7
2021-03-02 08:13:01,420.0,35.1941375,-106.5963421,1550.67
2021-03-02 08:13:02,420.0,35.194139,-106.5963419,1550.68
2021-03-02 08:13:03,420.0,35.1941408,-106.5963417,1550.68
2021-03-02 08:13:04,420.0,35.1941429,-106.5963415,1550.65
2021-03-02 08:13:05,420.0,35.1941452,-106.5963415,1550.64
2021-03-02 08:13:06,420.0,35.1941477,-106.5963414,1550.62
2021-03-02 08:13:07,420.0,35.1941504,-106.5963412,1550.59
2021-03-02 08:13:08,420.0,35.1941533,-106.5963411,1550.55
2021-03-02 08:13:09,420.0,35.1941565,-106.5963412,1550.57
2021-03-02 08:13:10,420.0,35.1941601,-106.596341,1550.54
2021-03-02 08:13:11,420.0,35.1941639,-106.5963409,1550.51
2021-03-02 08:13:12,420.0,35.194168,-106.5963408,1550.5
2021-03-02 08:13:13,420.0,35.1941725,-106.5963411,1550.55
2021-03-02 08:13:14,420.0,35.1941772,-106.5963414,1550.61
2021-03-02 08:13:15,420.0,35.1941823,-106.5963415,1550.57
2021-03-02 08:13:16,420.0,35.1941878,-106.5963416,1550.57
2021-03-02 08:13:17,420.0,35.1941936,-106.5963417,1550.54
2021-03-02 08:13:18,420.0,35.1941997,-106.596342,1550.56
2021-03-02 08:13:19,420.0,35.194206,-106.5963424,1550.6
2021-03-02 08:13:20,420.0,35.1942126,-106.5963427,1550.61
2021-03-02 08:13:21,420.0,35.1942192,-106.5963433,1550.69
2021-03-02 08:13:22,420.0,35.194226,-106.5963438,1550.7
2021-03-02 08:13:23,420.0,35.194233,-106.5963442,1550.68
2021-03-02 08:13:24,420.0,35.19424,-106.5963447,1550.67
2021-03-02 08:13:25,420.0,35.1942469,-106.5963453,1550.67
2021-03-02 08:13:26,420.0,35.1942536,-106.5963458,1550.68
2021-03-02 08:13:27,420.0,35.1942603,-106.5963463,1550.67
2021-03-02 08:13:28,420.0,35.1942667,-106.5963469,1550.66
2021-03-02 08:13:29,420.0,35.1942729,-106.5963476,1550.68
2021-03-02 08:13:30,420.0,35.1942788,-106.5963484,1550.7
2021-03-02 08:13:31,420.0,35.1942843,-106.5963492,1550.69
2021-03-02 08:13:32,420.0,35.1942892,-106.59635,1550.71
2021-03-02 08:13:33,420.0,35.1942936,-106.5963507,1550.72
2021-03-02 08:13:34,420.0,35.1942975,-106.5963516,1550.78
2021-03-02 08:13:35,420.0,35.1943006,-106.5963527,1550.92
2021-03-02 08:13:36,420.0,35.1943032,-106.5963534,1550.99
2021-03-02 08:13:37,420.0,35.1943053,-106.596354,1551.08
2021-03-02 08:13:38,420.0,35.1943071,-106.5963545,1551.11
2021-03-02 08:13:39,420.0,35.1943085,-106.5963548,1551.15
2021-03-02 08:13:40,420.0,35.1943096,-106.5963549,1551.19
2021-03-02 08:13:41,420.0,35.1943105,-106.5963549,1551.2
2021-03-02 08:13:42,420.0,35.1943111,-106.5963549,1551.21
2021-03-02 08:13:43,420.0,35.1943114,-106.5963547,1551.22
2021-03-02 08:13:44,420.0,35.1943115,-106.5963545,1551.21
2021-03-02 08:13:45,420.0,35.1943115,-106.5963542,1551.2
2021-03-02 08:13:46,420.0,35.1943113,-106.5963539,1551.21
2021-03-02 08:13:47,420.0,35.194311,-106.5963535,1551.2
2021-03-02 08:13:48,420.0,35.1943106,-106.5963532,1551.19
2021-03-02 08:13:49,420.0,35.1943101,-106.5963527,1551.18
2021-03-02 08:13:50,420.0,35.1943095,-106.5963522,1551.2
2021-03-02 08:13:51,420.0,35.1943088,-106.5963518,1551.19
2021-03-02 08:13:52,420.0,35.1943082,-106.5963513,1551.17
2021-03-02 08:13:53,420.0,35.1943076,-106.5963509,1551.2
2021-03-02 08:13:54,420.0,35.1943069,-106.5963506,1551.25
2021-03-02 08:13:55,420.0,35.1943064,-106.5963504,1551.23
2021-03-02 08:13:56,420.0,35.194306,-106.5963501,1551.24
2021-03-02 08:13:57,420.0,35.1943057,-106.5963497,1551.19
2021-03-02 08:13:58,420.0,35.1943055,-106.5963494,1551.17
2021-03-02 08:13:59,420.0,35.1943053,-106.5963493,1551.17
2021-03-02 08:14:00,420.0,35.1943052,-106.5963491,1551.16
2021-03-02 08:14:01,420.0,35.1943052,-106.5963489,1551.09
2021-03-02 08:14:02,420.0,35.1943053,-106.5963488,1551.06
2021-03-02 08:14:03,420.0,35.1943054,-106.5963487,1551.04
2021-03-02 08:14:04,420.0,35.1943054,-106.5963487,1551.03
2021-03-02 08:14:05,420.0,35.1943055,-106.5963489,1551.02
2021-03-02 08:14:06,420.0,35.1943056,-106.5963492,1551.07
2021-03-02 08:14:07,420.0,35.1943057,-106.5963495,1551.11
2021-03-02 08:14:08,420.0,35.1943059,-106.59635,1551.1
2021-03-02 08:14:09,420.0,35.1943061,-106.5963504,1551.08
2021-03-02 08:14:10,420.0,35.1943063,-106.5963508,1551.06
2021-03-02 08:14:11,420.0,35.1943064,-106.5963513,1551.11
2021-03-02 08:14:12,420.0,35.1943065,-106.5963518,1551.11
2021-03-02 08:14:13,420.0,35.1943066,-106.5963522,1551.11
2021-03-02 08:14:14,420.0,35.1943068,-106.5963526,1551.09
2021-03-02 08:14:15,420.0,35.1943069,-106.596353,1551.08
2021-03-02 08:14:16,420.0,35.1943069,-106.5963533,1551.08
2021-03-02 08:14:17,420.0,35.1943067,-106.5963535,1551.04
2021-03-02 08:14:18,420.0,35.1943066,-106.5963536,1551.01
2021-03-02 08:14:19,420.0,35.1943065,-106.5963536,1551.0
2021-03-02 08:14:20,420.0,35.1943063,-106.5963536,1551.01
2021-03-02 08:14:21,420.0,35.1943061,-106.5963538,1551.01
2021-03-02 08:14:22,420.0,35.1943059,-106.5963539,1551.0
2021-03-02 08:14:23,420.0,35.1943056,-106.5963539,1550.99
2021-03-02 08:14:24,420.0,35.1943054,-106.596354,1550.98
2021-03-02 08:14:25,420.0,35.1943052,-106.5963541,1550.99
2021-03-02 08:14:26,420.0,35.1943051,-106.5963542,1550.99
2021-03-02 08:14:27,420.0,35.194305,-106.5963544,1551.01
2021-03-02 08:14:28,420.0,35.194305,-106.5963545,1551.0
2021-03-02 08:14:29,420.0,35.194305,-106.5963544,1551.0
2021-03-02 08:14:30,420.0,35.1943051,-106.5963544,1551.03
2021-03-02 08:14:31,420.0,35.1943052,-106.5963544,1551.07
2021-03-02 08:14:32,420.0,35.1943053,-106.5963545,1551.08
2021-03-02 08:14:33,420.0,35.1943055,-106.5963544,1551.07
2021-03-02 08:14:34,420.0,35.1943056,-106.5963544,1551.07
2021-03-02 08:14:35,420.0,35.1943057,-106.5963543,1551.08
2021-03-02 08:14:36,420.0,35.1943058,-106.5963542,1551.06
2021-03-02 08:14:37,420.0,35.1943059,-106.5963541,1551.07
2021-03-02 08:14:38,420.0,35.194306,-106.596354,1551.1
2021-03-02 08:14:39,420.0,35.1943061,-106.5963539,1551.12
2021-03-02 08:14:40,420.0,35.1943063,-106.5963537,1551.09
2021-03-02 08:14:41,420.0,35.1943065,-106.5963536,1551.07
2021-03-02 08:14:42,420.0,35.1943067,-106.5963536,1551.07
2021-03-02 08:14:43,420.0,35.1943069,-106.5963535,1551.06
2021-03-02 08:14:44,420.0,35.1943072,-106.5963535,1551.08
2021-03-02 08:14:45,420.0,35.1943075,-106.5963535,1551.11
2021-03-02 08:14:46,420.0,35.1943076,-106.5963534,1551.13
2021-03-02 08:14:47,420.0,35.1943077,-106.5963533,1551.15
2021-03-02 08:14:48,420.0,35.1943078,-106.5963531,1551.13
2021-03-02 08:14:49,420.0,35.1943079,-106.596353,1551.13
2021-03-02 08:14:50,420.0,35.1943079,-106.5963528,1551.09
2021-03-02 08:14:51,420.0,35.194308,-106.5963527,1551.07
2021-03-02 08:14:52,420.0,35.194308,-106.5963526,1551.02
2021-03-02 08:14:53,420.0,35.1943079,-106.5963525,1551.06
2021-03-02 08:14:54,420.0,35.1943078,-106.5963525,1551.06
2021-03-02 08:14:55,420.0,35.1943076,-106.5963526,1551.05
2021-03-02 08:14:56,420.0,35.1943074,-106.5963526,1551.05
2021-03-02 08:14:57,420.0,35.1943072,-106.5963526,1551.06
2021-03-02 08:14:58,420.0,35.194307,-106.5963525,1551.06
2021-03-02 08:14:59,420.0,35.1943069,-106.5963525,1551.07
2021-03-02 08:15:00,420.0,35.1943068,-106.5963526,1551.1
2021-03-02 08:15:01,420.0,35.1943067,-106.5963527,1551.1
2021-03-02 08:15:02,420.0,35.1943066,-106.5963526,1551.08
2021-03-02 08:15:03,420.0,35.1943066,-106.5963526,1551.09
2021-03-02 08:15:04,420.0,35.1943065,-106.5963526,1551.1
2021-03-02 08:15:05,420.0,35.1943064,-106.5963525,1551.08
2021-03-02 08:15:06,420.0,35.1943062,-106.5963524,1551.1
2021-03-02 08:15:07,420.0,35.1943062,-106.5963523,1551.12
2021-03-02 08:15:08,420.0,35.1943062,-106.596352,1551.14
2021-03-02 08:15:09,420.0,35.1943062,-106.5963518,1551.14
2021-03-02 08:15:10,420.0,35.1943063,-106.5963516,1551.18
2021-03-02 08:15:11,420.0,35.1943062,-106.5963513,1551.19
2021-03-02 08:15:12,420.0,35.1943063,-106.596351,1551.2
2021-03-02 08:15:13,420.0,35.1943064,-106.5963506,1551.21
2021-03-02 08:15:14,420.0,35.1943065,-106.5963502,1551.2
2021-03-02 08:15:15,420.0,35.1943066,-106.5963498,1551.22
2021-03-02 08:15:16,420.0,35.1943066,-106.5963495,1551.25
2021-03-02 08:15:17,420.0,35.1943067,-106.5963491,1551.25
2021-03-02 08:15:18,420.0,35.1943067,-106.5963487,1551.24
2021-03-02 08:15:19,420.0,35.1943067,-106.5963483,1551.26
2021-03-02 08:15:20,420.0,35.1943067,-106.596348,1551.27
2021-03-02 08:15:21,420.0,35.1943066,-106.5963475,1551.25
2021-03-02 08:15:22,420.0,35.1943065,-106.596347,1551.27
2021-03-02 08:15:23,420.0,35.1943064,-106.5963466,1551.27
2021-03-02 08:15:24,420.0,35.1943062,-106.5963462,1551.3
2021-03-02 08:15:25,420.0,35.1943061,-106.5963457,1551.31
2021-03-02 08:15:26,420.0,35.1943059,-106.5963452,1551.31
2021-03-02 08:15:27,420.0,35.1943058,-106.5963449,1551.34
2021-03-02 08:15:28,420.0,35.1943056,-106.5963445,1551.33
2021-03-02 08:15:29,420.0,35.1943056,-106.5963443,1551.34
2021-03-02 08:15:30,420.0,35.1943056,-106.5963442,1551.37
2021-03-02 08:15:31,420.0,35.1943056,-106.5963441,1551.37
2021-03-02 08:15:32,420.0,35.1943057,-106.5963439,1551.37
2021-03-02 08:15:33,420.0,35.1943058,-106.5963436,1551.36
2021-03-02 08:15:34,420.0,35.1943058,-106.5963434,1551.34
2021-03-02 08:15:35,420.0,35.1943059,-106.5963433,1551.33
2021-03-02 08:15:36,420.0,35.194306,-106.5963432,1551.3
2021-03-02 08:15:37,420.0,35.1943062,-106.596343,1551.28
2021-03-02 08:15:38,420.0,35.1943064,-106.5963429,1551.26
2021-03-02 08:15:39,420.0,35.1943065,-106.5963429,1551.23
2021-03-02 08:15:40,420.0,35.1943067,-106.5963429,1551.22
2021-03-02 08:15:41,420.0,35.1943069,-106.596343,1551.2
2021-03-02 08:15:42,420.0,35.194307,-106.5963432,1551.21
2021-03-02 08:15:43,420.0,35.194307,-106.5963435,1551.22
2021-03-02 08:15:44,420.0,35.194307,-106.5963437,1551.2
2021-03-02 08:15:45,420.0,35.1943072,-106.5963439,1551.17
2021-03-02 08:15:46,420.0,35.1943071,-106.5963442,1551.13
2021-03-02 08:15:47,420.0,35.1943071,-106.5963445,1551.08
2021-03-02 08:15:48,420.0,35.1943072,-106.5963447,1551.04
2021-03-02 08:15:49,420.0,35.1943072,-106.596345,1551.01
2021-03-02 08:15:50,420.0,35.1943072,-106.5963454,1550.97
2021-03-02 08:15:51,420.0,35.1943071,-106.5963456,1550.92
2021-03-02 08:15:52,420.0,35.194307,-106.5963458,1550.88
2021-03-02 08:15:53,420.0,35.194307,-106.5963461,1550.84
2021-03-02 08:15:54,420.0,35.1943069,-106.5963464,1550.8
2021-03-02 08:15:55,420.0,35.1943069,-106.5963467,1550.76
2021-03-02 08:15:56,420.0,35.1943068,-106.5963469,1550.76
2021-03-02 08:15:57,420.0,35.1943066,-106.5963471,1550.82
2021-03-02 08:15:58,420.0,35.1943065,-106.5963475,1550.83
2021-03-02 08:15:59,420.0,35.1943063,-106.5963479,1550.84
2021-03-02 08:16:00,420.0,35.1943061,-106.5963481,1550.87
2021-03-02 08:16:01,420.0,35.194306,-106.5963484,1550.89
2021-03-02 08:16:02,420.0,35.1943059,-106.5963486,1550.89
2021-03-02 08:16:03,420.0,35.1943058,-106.5963489,1550.89
2021-03-02 08:16:04,420.0,35.1943058,-106.596349,1550.9
2021-03-02 08:16:05,420.0,35.1943057,-106.5963491,1550.9
2021-03-02 08:16:06,420.0,35.1943056,-106.5963492,1550.91
2021-03-02 08:16:07,420.0,35.1943055,-106.5963493,1550.94
2021-03-02 08:16:08,420.0,35.1943054,-106.5963494,1550.98
2021-03-02 08:16:09,420.0,35.1943053,-106.5963494,1551.01
2021-03-02 08:16:10,420.0,35.1943052,-106.5963494,1551.03
2021-03-02 08:16:11,420.0,35.1943052,-106.5963495,1551.02
2021-03-02 08:16:12,420.0,35.1943051,-106.5963495,1551.04
2021-03-02 08:16:13,420.0,35.1943051,-106.5963496,1551.07
2021-03-02 08:16:14,420.0,35.1943049,-106.5963497,1551.1
2021-03-02 08:16:15,420.0,35.1943049,-106.5963498,1551.13
2021-03-02 08:16:16,420.0,35.194305,-106.59635,1551.17
2021-03-02 08:16:17,420.0,35.194305,-106.59635,1551.2
2021-03-02 08:16:18,420.0,35.1943051,-106.5963501,1551.27
2021-03-02 08:16:19,420.0,35.1943051,-106.5963503,1551.34
2021-03-02 08:16:20,420.0,35.1943051,-106.5963505,1551.4
2021-03-02 08:16:21,420.0,35.194305,-106.5963508,1551.46
2021-03-02 08:16:22,420.0,35.1943047,-106.5963513,1551.62
2021-03-02 08:16:23,420.0,35.1943044,-106.5963517,1551.76
2021-03-02 08:16:24,420.0,35.1943043,-106.5963519,1551.79
2021-03-02 08:16:25,420.0,35.1943041,-106.5963522,1551.9
2021-03-02 08:16:26,420.0,35.194304,-106.5963523,1551.95
2021-03-02 08:16:27,420.0,35.1943041,-106.5963522,1551.97
2021-03-02 08:16:28,420.0,35.1943043,-106.5963521,1551.99
2021-03-02 08:16:29,420.0,35.1943045,-106.5963518,1552.01
2021-03-02 08:16:30,420.0,35.1943048,-106.5963516,1552.01
2021-03-02 08:16:31,420.0,35.1943051,-106.5963513,1552.0
2021-03-02 08:16:32,420.0,35.1943053,-106.596351,1551.97
2021-03-02 08:16:33,420.0,35.1943055,-106.5963506,1551.91
2021-03-02 08:16:34,420.0,35.1943058,-106.5963504,1551.89
2021-03-02 08:16:35,420.0,35.194306,-106.5963501,1551.85
2021-03-02 08:16:36,420.0,35.1943061,-106.5963496,1551.81
2021-03-02 08:16:37,420.0,35.1943063,-106.5963493,1551.78
2021-03-02 08:16:38,420.0,35.1943064,-106.5963491,1551.76
2021-03-02 08:16:39,420.0,35.1943066,-106.5963488,1551.71
2021-03-02 08:16:40,420.0,35.1943068,-106.5963487,1551.68
2021-03-02 08:16:41,420.0,35.1943069,-106.5963486,1551.65
2021-03-02 08:16:42,420.0,35.194307,-106.5963485,1551.61
2021-03-02 08:16:43,420.0,35.1943071,-106.5963485,1551.57
2021-03-02 08:16:44,420.0,35.1943071,-106.5963486,1551.54
2021-03-02 08:16:45,420.0,35.1943072,-106.5963488,1551.52
2021-03-02 08:16:46,420.0,35.1943072,-106.596349,1551.53
2021-03-02 08:16:47,420.0,35.1943072,-106.5963493,1551.52
2021-03-02 08:16:48,420.0,35.194307,-106.5963496,1551.53
2021-03-02 08:16:49,420.0,35.1943069,-106.5963498,1551.51
2021-03-02 08:16:50,420.0,35.1943067,-106.59635,1551.5
2021-03-02 08:16:51,420.0,35.1943066,-106.5963503,1551.53
2021-03-02 08:16:52,420.0,35.1943064,-106.5963505,1551.52
2021-03-02 08:16:53,420.0,35.1943063,-106.5963508,1551.52
2021-03-02 08:16:54,420.0,35.1943061,-106.5963511,1551.55
2021-03-02 08:16:55,420.0,35.1943059,-106.5963513,1551.54
2021-03-02 08:16:56,420.0,35.1943056,-106.5963513,1551.49
2021-03-02 08:16:57,420.0,35.1943055,-106.5963513,1551.47
2021-03-02 08:16:58,420.0,35.1943053,-106.5963513,1551.44
2021-03-02 08:16:59,420.0,35.1943052,-106.5963513,1551.39
2021-03-02 08:17:00,420.0,35.1943051,-106.5963514,1551.38
2021-03-02 08:17:01,420.0,35.1943051,-106.5963514,1551.35
2021-03-02 08:17:02,420.0,35.1943051,-106.5963512,1551.33
2021-03-02 08:17:03,420.0,35.1943049,-106.5963508,1551.33
2021-03-02 08:17:04,420.0,35.1943046,-106.5963503,1551.34
2021-03-02 08:17:05,420.0,35.1943041,-106.5963497,1551.33
2021-03-02 08:17:06,420.0,35.1943034,-106.5963487,1551.33
2021-03-02 08:17:07,420.0,35.1943024,-106.5963475,1551.34
2021-03-02 08:17:08,420.0,35.1943012,-106.5963462,1551.35
2021-03-02 08:17:09,420.0,35.1942999,-106.5963447,1551.34
2021-03-02 08:17:10,420.0,35.1942986,-106.5963431,1551.33
2021-03-02 08:17:11,420.0,35.1942972,-106.5963413,1551.33
2021-03-02 08:17:12,420.0,35.1942959,-106.5963394,1551.29
2021-03-02 08:17:13,420.0,35.1942945,-106.5963373,1551.28
2021-03-02 08:17:14,420.0,35.1942931,-106.5963353,1551.25
2021-03-02 08:17:15,420.0,35.1942918,-106.5963331,1551.26
2021-03-02 08:17:16,420.0,35.1942906,-106.596331,1551.23
2021-03-02 08:17:17,420.0,35.1942894,-106.5963288,1551.18
2021-03-02 08:17:18,420.0,35.1942882,-106.5963268,1551.2
2021-03-02 08:17:19,420.0,35.194287,-106.5963246,1551.17
2021-03-02 08:17:20,420.0,35.1942859,-106.5963223,1551.14
2021-03-02 08:17:21,420.0,35.1942851,-106.5963199,1551.12
2021-03-02 08:17:22,420.0,35.1942843,-106.5963175,1551.14
2021-03-02 08:17:23,420.0,35.1942836,-106.5963151,1551.13
2021-03-02 08:17:24,420.0,35.1942831,-106.5963126,1551.12
2021-03-02 08:17:25,420.0,35.1942826,-106.5963102,1551.08
2021-03-02 08:17:26,420.0,35.1942822,-106.5963078,1551.06
2021-03-02 08:17:27,420.0,35.1942818,-106.5963054,1551.04
2021-03-02 08:17:28,420.0,35.1942814,-106.5963031,1551.01
2021-03-02 08:17:29,420.0,35.1942811,-106.5963008,1550.98
2021-03-02 08:17:30,420.0,35.194281,-106.5962986,1550.99
2021-03-02 08:17:31,420.0,35.1942809,-106.5962964,1550.99
2021-03-02 08:17:32,420.0,35.194281,-106.5962943,1551.0
2021-03-02 08:17:33,420.0,35.1942811,-106.5962922,1550.99
2021-03-02 08:17:34,420.0,35.1942813,-106.5962902,1550.98
2021-03-02 08:17:35,420.0,35.1942814,-106.5962881,1550.95
2021-03-02 08:17:36,420.0,35.1942815,-106.5962862,1550.95
2021-03-02 08:17:37,420.0,35.1942817,-106.5962842,1550.92
2021-03-02 08:17:38,420.0,35.1942819,-106.5962823,1550.89
2021-03-02 08:17:39,420.0,35.194282,-106.5962804,1550.88
2021-03-02 08:17:40,420.0,35.1942821,-106.5962784,1550.83
2021-03-02 08:17:41,420.0,35.1942823,-106.5962764,1550.78
2021-03-02 08:17:42,420.0,35.1942823,-106.5962744,1550.76
2021-03-02 08:17:43,420.0,35.1942823,-106.5962725,1550.75
2021-03-02 08:17:44,420.0,35.1942824,-106.5962707,1550.72
2021-03-02 08:17:45,420.0,35.1942825,-106.5962689,1550.71
2021-03-02 08:17:46,422.584965819,35.1942826,-106.596267,1550.74
2021-03-02 08:17:47,422.609482409,35.1942827,-106.5962652,1550.75
2021-03-02 08:17:48,422.640065336,35.1942823,-106.5962629,1550.87
2021-03-02 08:17:49,422.668080367,35.194282,-106.5962608,1550.93
2021-03-02 08:17:50,422.69473009,35.1942817,-106.5962588,1551.0
2021-03-02 08:17:51,422.723053416,35.1942816,-106.5962567,1551.03
2021-03-02 08:17:52,422.748321513,35.1942813,-106.5962548,1551.07
2021-03-02 08:17:53,422.775449417,35.1942813,-106.5962528,1551.11
2021-03-02 08:17:54,422.802396061,35.1942812,-106.5962508,1551.09
2021-03-02 08:17:55,422.82970068,35.1942813,-106.5962488,1551.08
2021-03-02 08:17:56,422.85700563,35.1942814,-106.5962468,1551.09
2021-03-02 08:17:57,422.88585828,35.1942816,-106.5962447,1551.09
2021-03-02 08:17:58,422.914913566,35.1942819,-106.5962426,1551.13
2021-03-02 08:17:59,422.945327425,35.1942822,-106.5962404,1551.16
2021-03-02 08:18:00,422.975522399,35.1942824,-106.5962382,1551.17
2021-03-02 08:18:01,423.00748881,35.1942828,-106.5962359,1551.17
2021-03-02 08:18:02,423.037869234,35.1942831,-106.5962337,1551.18
2021-03-02 08:18:03,423.06394918,35.1942833,-106.5962318,1551.26
2021-03-02 08:18:04,423.092928369,35.1942836,-106.5962297,1551.28
2021-03-02 08:18:05,423.123707173,35.1942841,-106.5962275,1551.32
2021-03-02 08:18:06,423.153627621,35.1942848,-106.5962254,1551.34
2021-03-02 08:18:07,423.18808296,35.1942857,-106.596223,1551.39
2021-03-02 08:18:08,423.22147467,35.1942867,-106.5962207,1551.38
2021-03-02 08:18:09,423.258098413,35.1942879,-106.5962182,1551.37
2021-03-02 08:18:10,423.293418191,35.1942891,-106.5962158,1551.39
2021-03-02 08:18:11,423.326102829,35.1942903,-106.5962136,1551.4
2021-03-02 08:18:12,423.361762306,35.1942916,-106.5962112,1551.42
2021-03-02 08:18:13,423.397141155,35.1942928,-106.5962088,1551.43
2021-03-02 08:18:14,423.429569304,35.1942939,-106.5962066,1551.44
2021-03-02 08:18:15,423.460987704,35.1942951,-106.5962045,1551.44
2021-03-02 08:18:16,423.49077632,35.1942962,-106.5962025,1551.43
2021-03-02 08:18:17,423.519578048,35.1942974,-106.5962006,1551.48
2021-03-02 08:18:18,423.546748355,35.1942985,-106.5961988,1551.49
2021-03-02 08:18:19,423.572276055,35.1942995,-106.5961971,1551.49
2021-03-02 08:18:20,423.597449372,35.1943004,-106.5961954,1551.52
2021-03-02 08:18:21,423.619662146,35.1943012,-106.5961939,1551.59
2021-03-02 08:18:22,423.6376304,35.1943019,-106.5961927,1551.71
2021-03-02 08:18:23,423.65687589,35.1943026,-106.5961914,1551.8
2021-03-02 08:18:24,423.67994985,35.1943033,-106.5961898,1551.84
2021-03-02 08:18:25,423.701700023,35.194304,-106.5961883,1551.86
2021-03-02 08:18:26,423.725577876,35.1943046,-106.5961866,1551.92
2021-03-02 08:18:27,423.750642401,35.1943052,-106.5961848,1551.95
2021-03-02 08:18:28,423.773099271,35.1943058,-106.5961832,1552.0
2021-03-02 08:18:29,423.79712555,35.1943065,-106.5961815,1552.01
2021-03-02 08:18:30,423.82231696,35.1943072,-106.5961797,1552.03
2021-03-02 08:18:31,423.84781405,35.194308,-106.5961779,1551.99
2021-03-02 08:18:32,423.875674875,35.1943088,-106.5961759,1551.99
2021-03-02 08:18:33,423.903822048,35.1943097,-106.5961739,1552.0
2021-03-02 08:18:34,423.93142409,35.1943105,-106.5961719,1552.0
2021-03-02 08:18:35,423.960509903,35.1943114,-106.5961698,1552.0
2021-03-02 08:18:36,423.987063741,35.1943123,-106.5961679,1551.99
2021-03-02 08:18:37,424.013935736,35.1943133,-106.596166,1552.01
2021-03-02 08:18:38,424.040962692,35.1943141,-106.596164,1552.02
2021-03-02 08:18:39,424.067819759,35.1943149,-106.596162,1552.04
2021-03-02 08:18:40,424.094038697,35.1943156,-106.59616,1552.06
2021-03-02 08:18:41,424.120528676,35.1943164,-106.596158,1552.06
2021-03-02 08:18:42,424.148422427,35.1943173,-106.5961559,1552.07
2021-03-02 08:18:43,424.177212322,35.1943182,-106.5961537,1552.08
2021-03-02 08:18:44,424.207825487,35.1943193,-106.5961514,1552.07
2021-03-02 08:18:45,424.237105421,35.1943204,-106.5961492,1552.05
2021-03-02 08:18:46,424.265588556,35.1943216,-106.5961471,1552.07
2021-03-02 08:18:47,424.292817857,35.1943228,-106.5961451,1552.08
2021-03-02 08:18:48,424.322453408,35.1943241,-106.5961429,1552.07
2021-03-02 08:18:49,424.350832185,35.1943254,-106.5961408,1552.05
2021-03-02 08:18:50,424.37852075,35.1943268,-106.5961388,1552.06
2021-03-02 08:18:51,424.40702193,35.1943282,-106.5961367,1552.09
2021-03-02 08:18:52,424.434873642,35.1943297,-106.5961347,1552.11
2021-03-02 08:18:53,424.4635064,35.1943312,-106.5961326,1552.13
2021-03-02 08:18:54,424.491918073,35.1943327,-106.5961305,1552.14
2021-03-02 08:18:55,424.519168602,35.1943342,-106.5961285,1552.17
2021-03-02 08:18:56,424.545296258,35.1943357,-106.5961266,1552.15
2021-03-02 08:18:57,424.571822117,35.1943373,-106.5961247,1552.15
2021-03-02 08:18:58,424.596984749,35.194339,-106.596123,1552.14
2021-03-02 08:18:59,424.621440156,35.1943406,-106.5961213,1552.16
2021-03-02 08:19:00,424.645163871,35.1943421,-106.5961196,1552.17
2021-03-02 08:19:01,424.669953921,35.1943438,-106.5961179,1552.16
2021-03-02 08:19:02,424.694001758,35.1943454,-106.5961162,1552.14
2021-03-02 08:19:03,424.717084924,35.194347,-106.5961146,1552.1
2021-03-02 08:19:04,424.73923999,35.1943486,-106.5961131,1552.13
2021-03-02 08:19:05,424.760501793,35.1943502,-106.5961117,1552.13
2021-03-02 08:19:06,424.781685446,35.1943518,-106.5961103,1552.13
2021-03-02 08:19:07,424.803304502,35.1943536,-106.596109,1552.11
2021-03-02 08:19:08,424.824236906,35.1943553,-106.5961077,1552.07
2021-03-02 08:19:09,424.843619577,35.194357,-106.5961066,1552.07
2021-03-02 08:19:10,424.860846946,35.1943586,-106.5961057,1552.05
2021-03-02 08:19:11,424.8772741,35.1943603,-106.596105,1552.02
2021-03-02 08:19:12,424.892342549,35.1943619,-106.5961044,1551.99
2021-03-02 08:19:13,424.906840355,35.1943633,-106.5961037,1551.95
2021-03-02 08:19:14,424.922754198,35.1943648,-106.5961029,1551.92
2021-03-02 08:19:15,424.937247286,35.1943663,-106.5961023,1551.91
2021-03-02 08:19:16,424.951804056,35.1943677,-106.5961016,1551.88
2021-03-02 08:19:17,424.966377208,35.1943691,-106.5961009,1551.89
2021-03-02 08:19:18,424.982359114,35.1943706,-106.5961001,1551.88
2021-03-02 08:19:19,424.999735144,35.1943721,-106.5960991,1551.83
2021-03-02 08:19:20,425.017088389,35.1943736,-106.5960981,1551.8
2021-03-02 08:19:21,425.035125044,35.1943752,-106.5960971,1551.77
2021-03-02 08:19:22,425.053094063,35.1943767,-106.596096,1551.74
2021-03-02 08:19:23,425.069648678,35.1943781,-106.596095,1551.71
2021-03-02 08:19:24,425.086887785,35.1943796,-106.596094,1551.69
2021-03-02 08:19:25,425.104195335,35.1943812,-106.5960931,1551.64
2021-03-02 08:19:26,425.12076953,35.1943827,-106.5960922,1551.59
2021-03-02 08:19:27,425.137331806,35.1943842,-106.5960913,1551.55
2021-03-02 08:19:28,425.15327835,35.1943857,-106.5960905,1551.52
2021-03-02 08:19:29,425.169228823,35.1943872,-106.5960897,1551.47
2021-03-02 08:19:30,425.183844569,35.1943886,-106.596089,1551.44
2021-03-02 08:19:31,425.19922427,35.1943901,-106.5960883,1551.44
2021-03-02 08:19:32,425.216714215,35.1943918,-106.5960875,1551.4
2021-03-02 08:19:33,425.234789328,35.1943935,-106.5960866,1551.38
2021-03-02 08:19:34,425.253082953,35.1943953,-106.5960858,1551.34
2021-03-02 08:19:35,425.271953031,35.1943971,-106.5960849,1551.33
2021-03-02 08:19:36,425.291616358,35.194399,-106.596084,1551.35
2021-03-02 08:19:37,425.30972681,35.1944007,-106.5960831,1551.39
2021-03-02 08:19:38,425.329142895,35.1944025,-106.5960821,1551.37
2021-03-02 08:19:39,425.350644708,35.1944045,-106.596081,1551.36
2021-03-02 08:19:40,425.372130665,35.1944065,-106.5960799,1551.35
2021-03-02 08:19:41,425.39488441,35.1944086,-106.5960787,1551.32
2021-03-02 08:19:42,425.41632543,35.1944106,-106.5960776,1551.32
2021-03-02 08:19:43,425.438570179,35.1944127,-106.5960765,1551.3
2021-03-02 08:19:44,425.459138952,35.1944146,-106.5960754,1551.29
2021-03-02 08:19:45,425.478413332,35.1944165,-106.5960746,1551.3
2021-03-02 08:19:46,425.496876581,35.1944183,-106.5960738,1551.31
2021-03-02 08:19:47,425.514152388,35.1944201,-106.5960733,1551.36
2021-03-02 08:19:48,425.532291888,35.1944219,-106.5960726,1551.34
2021-03-02 08:19:49,425.548832654,35.1944236,-106.5960721,1551.41
2021-03-02 08:19:50,425.564566431,35.1944252,-106.5960716,1551.42
2021-03-02 08:19:51,425.579969185,35.1944268,-106.5960712,1551.5
2021-03-02 08:19:52,425.597052776,35.1944285,-106.5960706,1551.5
2021-03-02 08:19:53,425.615061284,35.1944303,-106.59607,1551.48
2021-03-02 08:19:54,425.630996182,35.1944319,-106.5960695,1551.47
2021-03-02 08:19:55,425.648761151,35.1944337,-106.596069,1551.44
2021-03-02 08:19:56,425.667492889,35.1944356,-106.5960685,1551.37
2021-03-02 08:19:57,425.685403514,35.1944374,-106.596068,1551.3
2021-03-02 08:19:58,425.701807545,35.1944391,-106.5960677,1551.31
2021-03-02 08:19:59,425.718290943,35.1944408,-106.5960674,1551.35
2021-03-02 08:20:00,425.73518292,35.1944425,-106.596067,1551.35
2021-03-02 08:20:01,425.751544822,35.1944441,-106.5960665,1551.31
2021-03-02 08:20:02,425.768254131,35.1944458,-106.5960662,1551.3
2021-03-02 08:20:03,425.784110374,35.1944474,-106.5960659,1551.29
2021-03-02 08:20:04,425.800038046,35.194449,-106.5960656,1551.27
2021-03-02 08:20:05,425.81447636,35.1944505,-106.5960655,1551.27
2021-03-02 08:20:06,425.829293925,35.194452,-106.5960653,1551.34
2021-03-02 08:20:07,425.845134053,35.1944536,-106.5960651,1551.36
2021-03-02 08:20:08,425.862012827,35.1944553,-106.5960649,1551.41
2021-03-02 08:20:09,425.879644109,35.1944571,-106.5960648,1551.49
2021-03-02 08:20:10,425.89768337,35.1944589,-106.5960646,1551.49
2021-03-02 08:20:11,425.916126079,35.1944607,-106.5960643,1551.52
2021-03-02 08:20:12,425.935945976,35.1944626,-106.5960639,1551.55
2021-03-02 08:20:13,425.954878663,35.1944644,-106.5960635,1551.6
2021-03-02 08:20:14,425.975460075,35.1944663,-106.5960629,1551.6
2021-03-02 08:20:15,425.995574143,35.1944682,-106.5960625,1551.56
2021-03-02 08:20:16,426.016804528,35.1944702,-106.5960621,1551.55
2021-03-02 08:20:17,426.03713701,35.1944721,-106.5960617,1551.53
2021-03-02 08:20:18,426.059370431,35.1944742,-106.5960614,1551.51
2021-03-02 08:20:19,426.080463519,35.1944762,-106.5960612,1551.49
2021-03-02 08:20:20,426.101696158,35.1944782,-106.596061,1551.47
2021-03-02 08:20:21,426.122817732,35.1944802,-106.5960609,1551.47
2021-03-02 08:20:22,426.145138568,35.1944823,-106.5960608,1551.46
2021-03-02 08:20:23,426.16762075,35.1944844,-106.5960607,1551.43
2021-03-02 08:20:24,426.187872926,35.1944863,-106.5960607,1551.43
2021-03-02 08:20:25,426.208258534,35.1944882,-106.5960607,1551.4
2021-03-02 08:20:26,426.227952168,35.19449,-106.5960606,1551.38
2021-03-02 08:20:27,426.24693322,35.1944917,-106.5960604,1551.38
2021-03-02 08:20:28,426.264674207,35.1944933,-106.5960603,1551.34
2021-03-02 08:20:29,426.284719687,35.1944951,-106.5960602,1551.3
2021-03-02 08:20:30,426.303529206,35.1944968,-106.5960602,1551.29
2021-03-02 08:20:31,426.321335417,35.1944984,-106.5960602,1551.25
2021-03-02 08:20:32,426.339497925,35.1945,-106.5960601,1551.23
2021-03-02 08:20:33,426.357762986,35.1945016,-106.59606,1551.2
2021-03-02 08:20:34,426.375248113,35.1945031,-106.5960598,1551.18
2021-03-02 08:20:35,426.392572099,35.1945046,-106.5960597,1551.15
2021-03-02 08:20:36,426.410726536,35.1945061,-106.5960593,1551.12
2021-03-02 08:20:37,426.430338772,35.1945077,-106.5960588,1551.11
2021-03-02 08:20:38,426.450016768,35.1945093,-106.5960583,1551.08
2021-03-02 08:20:39,426.469327544,35.1945109,-106.596058,1551.1
2021-03-02 08:20:40,426.489910571,35.1945126,-106.5960577,1551.1
2021-03-02 08:20:41,426.509421335,35.1945142,-106.5960574,1551.05
2021-03-02 08:20:42,426.527839289,35.1945157,-106.5960571,1551.02
2021-03-02 08:20:43,426.548736235,35.1945174,-106.5960568,1550.97
2021-03-02 08:20:44,426.569747049,35.1945191,-106.5960565,1550.94
2021-03-02 08:20:45,426.589472518,35.1945207,-106.5960563,1550.94
2021-03-02 08:20:46,426.610527913,35.1945224,-106.5960561,1550.92
2021-03-02 08:20:47,426.631526504,35.1945241,-106.596056,1550.91
2021-03-02 08:20:48,426.651602105,35.1945257,-106.5960558,1550.88
2021-03-02 08:20:49,426.672675686,35.1945274,-106.5960558,1550.84
2021-03-02 08:20:50,426.694243577,35.1945291,-106.5960556,1550.83
2021-03-02 08:20:51,426.717026352,35.1945309,-106.5960555,1550.83
2021-03-02 08:20:52,426.741054571,35.1945328,-106.5960555,1550.8
2021-03-02 08:20:53,426.765433364,35.1945347,-106.5960554,1550.77
2021-03-02 08:20:54,426.789809773,35.1945366,-106.5960554,1550.75
2021-03-02 08:20:55,426.812885212,35.1945384,-106.5960555,1550.74
2021-03-02 08:20:56,426.834810598,35.1945401,-106.5960556,1550.78
2021-03-02 08:20:57,426.854059604,35.1945416,-106.5960558,1550.91
2021-03-02 08:20:58,426.869960529,35.1945429,-106.5960564,1551.15
2021-03-02 08:20:59,426.887170267,35.1945443,-106.596057,1551.38
2021-03-02 08:21:00,426.904614287,35.1945457,-106.5960575,1551.59
2021-03-02 08:21:01,426.925502507,35.1945473,-106.5960577,1551.74
2021-03-02 08:21:02,426.944908872,35.1945488,-106.596058,1551.9
2021-03-02 08:21:03,426.965173932,35.1945503,-106.596058,1552.0
2021-03-02 08:21:04,426.986062986,35.1945518,-106.5960578,1552.09
2021-03-02 08:21:05,427.008191097,35.1945534,-106.5960577,1552.16
2021-03-02 08:21:06,427.032329328,35.1945551,-106.5960574,1552.25
2021-03-02 08:21:07,427.058001934,35.1945569,-106.5960571,1552.34
2021-03-02 08:21:08,427.085470421,35.1945588,-106.5960567,1552.39
2021-03-02 08:21:09,427.114524493,35.1945608,-106.5960563,1552.43
2021-03-02 08:21:10,427.14377501,35.1945628,-106.5960559,1552.48
2021-03-02 08:21:11,427.171987282,35.1945647,-106.5960554,1552.53
2021-03-02 08:21:12,427.203621092,35.1945668,-106.5960547,1552.54
2021-03-02 08:21:13,427.232312466,35.1945687,-106.5960541,1552.54
2021-03-02 08:21:14,427.264080175,35.1945708,-106.5960535,1552.53
2021-03-02 08:21:15,427.292918212,35.1945727,-106.596053,1552.52
2021-03-02 08:21:16,427.323286312,35.1945747,-106.5960526,1552.5
2021-03-02 08:21:17,427.35235299,35.1945766,-106.5960522,1552.49
2021-03-02 08:21:18,427.383018452,35.1945786,-106.5960519,1552.47
2021-03-02 08:21:19,427.41401656,35.1945806,-106.5960515,1552.44
2021-03-02 08:21:20,427.445138727,35.1945826,-106.5960512,1552.39
2021-03-02 08:21:21,427.474936078,35.1945845,-106.5960509,1552.33
2021-03-02 08:21:22,427.504868725,35.1945864,-106.5960507,1552.3
2021-03-02 08:21:23,427.533369496,35.1945882,-106.5960506,1552.29
2021-03-02 08:21:24,427.562084565,35.19459,-106.5960505,1552.28
2021-03-02 08:21:25,427.591016357,35.1945918,-106.5960504,1552.25
2021-03-02 08:21:26,427.620022415,35.1945936,-106.5960505,1552.23
2021-03-02 08:21:27,427.649247914,35.1945954,-106.5960506,1552.24
2021-03-02 08:21:28,427.678695351,35.1945972,-106.5960507,1552.21
2021-03-02 08:21:29,427.710027156,35.1945991,-106.5960508,1552.21
2021-03-02 08:21:30,427.739847001,35.1946009,-106.596051,1552.21
2021-03-02 08:21:31,427.771671334,35.1946028,-106.5960511,1552.22
2021-03-02 08:21:32,427.801951681,35.1946046,-106.5960513,1552.2
2021-03-02 08:21:33,427.834280155,35.1946065,-106.5960514,1552.22
2021-03-02 08:21:34,427.865257536,35.1946083,-106.5960514,1552.19
2021-03-02 08:21:35,427.896480851,35.1946101,-106.5960514,1552.2
2021-03-02 08:21:36,427.928062782,35.1946119,-106.5960513,1552.2
2021-03-02 08:21:37,427.957794089,35.1946136,-106.5960515,1552.25
2021-03-02 08:21:38,427.985701432,35.1946152,-106.5960519,1552.33
2021-03-02 08:21:39,428.012239467,35.1946167,-106.5960521,1552.41
2021-03-02 08:21:40,428.038794172,35.1946182,-106.5960524,1552.53
2021-03-02 08:21:41,428.065652679,35.1946197,-106.5960526,1552.67
2021-03-02 08:21:42,428.092677492,35.1946212,-106.5960528,1552.81
2021-03-02 08:21:43,428.116359257,35.1946225,-106.5960529,1552.96
2021-03-02 08:21:44,428.14607191,35.1946241,-106.5960528,1553.04
2021-03-02 08:21:45,428.17566427,35.1946257,-106.5960529,1553.14
2021-03-02 08:21:46,428.207523916,35.1946274,-106.5960529,1553.19
2021-03-02 08:21:47,428.243767609,35.1946293,-106.5960527,1553.2
2021-03-02 08:21:48,428.280633489,35.1946312,-106.5960523,1553.21
2021-03-02 08:21:49,428.31584073,35.194633,-106.5960519,1553.17
2021-03-02 08:21:50,428.355058479,35.194635,-106.5960516,1553.14
2021-03-02 08:21:51,428.390799506,35.1946368,-106.5960512,1553.08
2021-03-02 08:21:52,428.428971672,35.1946387,-106.5960506,1553.1
2021-03-02 08:21:53,428.465199044,35.1946405,-106.5960502,1553.1
2021-03-02 08:21:54,428.503628228,35.1946424,-106.5960499,1553.09
2021-03-02 08:21:55,428.542373497,35.1946443,-106.5960496,1553.13
2021-03-02 08:21:56,428.579430085,35.1946461,-106.5960492,1553.14
2021-03-02 08:21:57,428.62092528,35.1946481,-106.5960487,1553.16
2021-03-02 08:21:58,428.66062092,35.19465,-106.5960483,1553.19
2021-03-02 08:21:59,428.700613741,35.1946519,-106.5960478,1553.23
2021-03-02 08:22:00,428.74301188,35.1946539,-106.5960473,1553.27
2021-03-02 08:22:01,428.785814363,35.1946559,-106.596047,1553.3
2021-03-02 08:22:02,428.828945372,35.1946579,-106.5960466,1553.35
2021-03-02 08:22:03,428.870237835,35.1946598,-106.5960462,1553.36
2021-03-02 08:22:04,428.9141606,35.1946618,-106.5960459,1553.38
2021-03-02 08:22:05,428.958378818,35.1946638,-106.5960455,1553.41
2021-03-02 08:22:06,429.002969807,35.1946658,-106.5960451,1553.41
2021-03-02 08:22:07,429.046059869,35.1946677,-106.596045,1553.43
2021-03-02 08:22:08,429.094177319,35.1946698,-106.5960449,1553.46
2021-03-02 08:22:09,429.140470958,35.1946718,-106.5960448,1553.45
2021-03-02 08:22:10,429.184877111,35.1946737,-106.5960447,1553.46
2021-03-02 08:22:11,429.22986273,35.1946756,-106.5960447,1553.45
2021-03-02 08:22:12,429.272889031,35.1946774,-106.5960447,1553.43
2021-03-02 08:22:13,429.316318327,35.1946792,-106.5960447,1553.39
2021-03-02 08:22:14,429.360001589,35.194681,-106.5960446,1553.33
2021-03-02 08:22:15,429.404091741,35.1946828,-106.5960445,1553.28
2021-03-02 08:22:16,429.451088503,35.1946847,-106.5960444,1553.23
2021-03-02 08:22:17,429.49620692,35.1946865,-106.5960444,1553.19
2021-03-02 08:22:18,429.549392538,35.1946886,-106.5960444,1553.1
2021-03-02 08:22:19,429.603349817,35.1946907,-106.5960445,1553.01
2021-03-02 08:22:20,429.657915391,35.1946928,-106.5960446,1552.9
2021-03-02 08:22:21,429.715897035,35.194695,-106.5960448,1552.84
2021-03-02 08:22:22,429.772040041,35.1946971,-106.5960451,1552.78
2021-03-02 08:22:23,429.8233969,35.194699,-106.5960454,1552.69
2021-03-02 08:22:24,429.875477215,35.1947009,-106.5960459,1552.68
2021-03-02 08:22:25,429.927983345,35.1947028,-106.5960464,1552.66
2021-03-02 08:22:26,429.983504321,35.1947048,-106.5960466,1552.59
2021-03-02 08:22:27,430.036932371,35.1947067,-106.596047,1552.56
2021-03-02 08:22:28,430.088006778,35.1947085,-106.5960474,1552.5
2021-03-02 08:22:29,430.136655694,35.1947102,-106.5960479,1552.5
2021-03-02 08:22:30,430.182690489,35.1947118,-106.5960486,1552.53
2021-03-02 08:22:31,430.225954732,35.1947133,-106.5960493,1552.58
2021-03-02 08:22:32,430.272262838,35.1947149,-106.59605,1552.64
2021-03-02 08:22:33,430.319007113,35.1947165,-106.5960505,1552.72
2021-03-02 08:22:34,430.360364151,35.1947179,-106.5960508,1552.75
2021-03-02 08:22:35,430.405025522,35.1947194,-106.5960511,1552.76
2021-03-02 08:22:36,430.450213159,35.1947209,-106.5960513,1552.72
2021-03-02 08:22:37,430.495771744,35.1947224,-106.5960515,1552.72
2021-03-02 08:22:38,430.541487769,35.1947239,-106.5960518,1552.71
2021-03-02 08:22:39,430.584658441,35.1947253,-106.596052,1552.68
2021-03-02 08:22:40,430.628878907,35.1947267,-106.5960519,1552.65
2021-03-02 08:22:41,430.676646994,35.1947282,-106.5960518,1552.6
2021-03-02 08:22:42,430.724840311,35.1947297,-106.5960517,1552.57
2021-03-02 08:22:43,430.779951524,35.1947314,-106.5960516,1552.53
2021-03-02 08:22:44,430.835625855,35.1947331,-106.5960515,1552.5
2021-03-02 08:22:45,430.891657793,35.1947348,-106.5960515,1552.47
2021-03-02 08:22:46,430.945141928,35.1947364,-106.5960514,1552.46
2021-03-02 08:22:47,431.006314797,35.1947382,-106.5960511,1552.43
2021-03-02 08:22:48,431.067745787,35.19474,-106.596051,1552.43
2021-03-02 08:22:49,431.133505145,35.1947419,-106.5960508,1552.43
2021-03-02 08:22:50,431.196348342,35.1947437,-106.5960507,1552.5
2021-03-02 08:22:51,431.259722647,35.1947455,-106.5960507,1552.51
2021-03-02 08:22:52,431.32774946,35.1947474,-106.5960505,1552.51
2021-03-02 08:22:53,431.396728516,35.1947493,-106.5960502,1552.49
2021-03-02 08:22:54,431.466356765,35.1947512,-106.59605,1552.49
2021-03-02 08:22:55,431.54053129,35.1947532,-106.5960498,1552.5
2021-03-02 08:22:56,431.615752158,35.1947552,-106.5960495,1552.5
2021-03-02 08:22:57,431.695625393,35.1947573,-106.5960493,1552.49
2021-03-02 08:22:58,431.772620769,35.1947593,-106.5960492,1552.5
2021-03-02 08:22:59,431.850629132,35.1947613,-106.5960491,1552.5
2021-03-02 08:23:00,431.929593143,35.1947633,-106.5960491,1552.48
2021-03-02 08:23:01,432.013795277,35.1947654,-106.5960489,1552.49
2021-03-02 08:23:02,432.095020124,35.1947674,-106.5960488,1552.49
2021-03-02 08:23:03,432.177342833,35.1947694,-106.5960487,1552.48
2021-03-02 08:23:04,432.265027777,35.1947715,-106.5960485,1552.48
2021-03-02 08:23:05,432.353971188,35.1947736,-106.5960482,1552.49
2021-03-02 08:23:06,432.444145845,35.1947757,-106.596048,1552.54
2021-03-02 08:23:07,432.531242673,35.1947777,-106.5960481,1552.59
2021-03-02 08:23:08,432.615124056,35.1947796,-106.5960481,1552.62
2021-03-02 08:23:09,432.700076133,35.1947815,-106.5960484,1552.65
2021-03-02 08:23:10,432.790724354,35.1947835,-106.5960486,1552.65
2021-03-02 08:23:11,432.878007563,35.1947854,-106.5960488,1552.63
2021-03-02 08:23:12,432.966454548,35.1947873,-106.596049,1552.64
2021-03-02 08:23:13,433.0560887,35.1947892,-106.5960492,1552.66
2021-03-02 08:23:14,433.147055598,35.1947911,-106.5960493,1552.67
2021-03-02 08:23:15,433.234519578,35.1947929,-106.5960493,1552.73
2021-03-02 08:23:16,433.323030063,35.1947947,-106.5960494,1552.78
2021-03-02 08:23:17,433.412858761,35.1947965,-106.5960494,1552.83
2021-03-02 08:23:18,433.499062979,35.1947982,-106.5960492,1552.84
2021-03-02 08:23:19,433.581089804,35.1947998,-106.5960491,1552.84
2021-03-02 08:23:20,433.669417754,35.1948015,-106.5960489,1552.87
2021-03-02 08:23:21,433.7482969,35.194803,-106.5960487,1552.85
2021-03-02 08:23:22,433.828094998,35.1948045,-106.5960484,1552.83
2021-03-02 08:23:23,433.914099752,35.1948061,-106.5960483,1552.84
2021-03-02 08:23:24,434.001184388,35.1948077,-106.5960481,1552.85
2021-03-02 08:23:25,434.083782469,35.1948092,-106.5960479,1552.85
2021-03-02 08:23:26,434.172925694,35.1948108,-106.5960477,1552.85
2021-03-02 08:23:27,434.263161409,35.1948124,-106.5960475,1552.83
2021-03-02 08:23:28,434.360182902,35.1948141,-106.5960472,1552.83
2021-03-02 08:23:29,434.452598271,35.1948157,-106.5960469,1552.8
2021-03-02 08:23:30,434.552315473,35.1948174,-106.5960468,1552.81
2021-03-02 08:23:31,434.64755623,35.194819,-106.5960468,1552.79
2021-03-02 08:23:32,434.750124798,35.1948207,-106.5960468,1552.77
2021-03-02 08:23:33,434.847833145,35.1948223,-106.5960467,1552.75
2021-03-02 08:23:34,434.953073903,35.194824,-106.5960466,1552.76
2021-03-02 08:23:35,435.060144259,35.1948257,-106.5960467,1552.79
2021-03-02 08:23:36,435.175316587,35.1948275,-106.5960469,1552.78
2021-03-02 08:23:37,435.305166676,35.1948295,-106.596047,1552.77
2021-03-02 08:23:38,435.424152151,35.1948313,-106.5960473,1552.75
2021-03-02 08:23:39,435.551637737,35.1948332,-106.5960476,1552.75
2021-03-02 08:23:40,435.674275744,35.194835,-106.596048,1552.71
2021-03-02 08:23:41,435.798695843,35.1948368,-106.5960483,1552.69
2021-03-02 08:23:42,435.92505747,35.1948386,-106.5960485,1552.67
2021-03-02 08:23:43,436.053401704,35.1948404,-106.5960487,1552.67
2021-03-02 08:23:44,436.169276368,35.194842,-106.5960488,1552.63
2021-03-02 08:23:45,436.301649576,35.1948438,-106.5960489,1552.6
2021-03-02 08:23:46,436.428652939,35.1948455,-106.596049,1552.58
2021-03-02 08:23:47,436.565130089,35.1948473,-106.5960492,1552.54
2021-03-02 08:23:48,436.696425384,35.194849,-106.5960492,1552.52
2021-03-02 08:23:49,436.829818087,35.1948507,-106.5960492,1552.5
2021-03-02 08:23:50,436.973399838,35.1948525,-106.5960492,1552.45
2021-03-02 08:23:51,437.119260291,35.1948543,-106.5960493,1552.43
2021-03-02 08:23:52,437.267632833,35.1948561,-106.5960494,1552.34
2021-03-02 08:23:53,437.418813556,35.1948579,-106.5960494,1552.28
2021-03-02 08:23:54,437.572664161,35.1948597,-106.5960494,1552.25
2021-03-02 08:23:55,437.729255985,35.1948615,-106.5960494,1552.18
2021-03-02 08:23:56,437.897829623,35.1948634,-106.5960493,1552.1
2021-03-02 08:23:57,438.060064528,35.1948652,-106.5960494,1552.05
2021-03-02 08:23:58,438.225501692,35.194867,-106.5960494,1551.97
2021-03-02 08:23:59,438.384297116,35.1948687,-106.5960495,1551.95
2021-03-02 08:24:00,438.565373297,35.1948706,-106.5960495,1551.96
2021-03-02 08:24:01,438.739648611,35.1948724,-106.5960497,1551.91
2021-03-02 08:24:02,438.917498087,35.1948742,-106.5960498,1551.9
2021-03-02 08:24:03,439.108550115,35.1948761,-106.59605,1551.87
2021-03-02 08:24:04,439.314252554,35.1948781,-106.5960501,1551.86
2021-03-02 08:24:05,439.513771923,35.19488,-106.5960502,1551.83
2021-03-02 08:24:06,439.716951494,35.1948819,-106.5960504,1551.85
2021-03-02 08:24:07,439.923763753,35.1948838,-106.5960507,1551.85
2021-03-02 08:24:08,440.135396743,35.1948857,-106.5960509,1551.85
2021-03-02 08:24:09,440.339925621,35.1948875,-106.5960511,1551.86
2021-03-02 08:24:10,440.536777377,35.1948892,-106.5960513,1551.81
2021-03-02 08:24:11,440.749396257,35.194891,-106.5960515,1551.77
2021-03-02 08:24:12,440.967218529,35.1948928,-106.5960516,1551.74
2021-03-02 08:24:13,441.203897464,35.1948947,-106.5960515,1551.7
2021-03-02 08:24:14,441.44677211,35.1948966,-106.5960513,1551.65
2021-03-02 08:24:15,441.666493521,35.1948983,-106.5960514,1551.64
2021-03-02 08:24:16,441.876462307,35.1948999,-106.5960516,1551.59
2021-03-02 08:24:17,442.092352607,35.1949015,-106.5960516,1551.57
2021-03-02 08:24:18,442.310585995,35.1949031,-106.5960518,1551.56
2021-03-02 08:24:19,442.534128953,35.1949047,-106.5960519,1551.56
2021-03-02 08:24:20,442.762166228,35.1949063,-106.596052,1551.61
2021-03-02 08:24:21,442.997086893,35.1949079,-106.5960519,1551.63
2021-03-02 08:24:22,443.22181241,35.1949094,-106.5960518,1551.64
2021-03-02 08:24:23,443.449844051,35.1949109,-106.5960518,1551.65
2021-03-02 08:24:24,443.713751818,35.1949126,-106.5960518,1551.64
2021-03-02 08:24:25,444.002004088,35.1949144,-106.5960516,1551.64
2021-03-02 08:24:26,444.296136351,35.1949162,-106.5960515,1551.63
2021-03-02 08:24:27,444.596418562,35.194918,-106.5960515,1551.63
2021-03-02 08:24:28,444.92036124,35.1949199,-106.5960516,1551.64
2021-03-02 08:24:29,445.236361889,35.1949217,-106.5960516,1551.64
2021-03-02 08:24:30,445.544688236,35.1949234,-106.5960514,1551.59
2021-03-02 08:24:31,445.875583449,35.1949252,-106.5960515,1551.62
2021-03-02 08:24:32,446.172690206,35.1949268,-106.5960519,1551.72
2021-03-02 08:24:33,446.50034422,35.1949285,-106.596052,1551.76
2021-03-02 08:24:34,446.854774389,35.1949303,-106.5960522,1551.78
2021-03-02 08:24:35,447.244406802,35.1949322,-106.5960521,1551.76
2021-03-02 08:24:36,447.686529134,35.1949343,-106.5960521,1551.73
2021-03-02 08:24:37,448.1228553,35.1949363,-106.596052,1551.69
2021-03-02 08:24:38,448.595905393,35.1949384,-106.5960519,1551.68
2021-03-02 08:24:39,449.083337173,35.1949405,-106.5960519,1551.63
2021-03-02 08:24:40,449.512697913,35.1949423,-106.596052,1551.69
2021-03-02 08:24:41,450.032139064,35.1949444,-106.596052,1551.67
2021-03-02 08:24:42,450.544118346,35.1949464,-106.596052,1551.71
2021-03-02 08:24:43,451.098698413,35.1949485,-106.5960521,1551.78
2021-03-02 08:24:44,451.647981737,35.1949505,-106.5960521,1551.88
2021-03-02 08:24:45,452.214673423,35.1949525,-106.5960522,1551.9
2021-03-02 08:24:46,452.774415088,35.1949544,-106.5960522,1551.93
2021-03-02 08:24:47,453.351374898,35.1949563,-106.5960523,1551.97
2021-03-02 08:24:48,453.946145778,35.1949582,-106.5960525,1551.98
2021-03-02 08:24:49,454.565226944,35.1949601,-106.5960526,1551.99
2021-03-02 08:24:50,455.178830828,35.1949619,-106.5960525,1551.99
2021-03-02 08:24:51,455.850337387,35.1949638,-106.5960524,1552.0
2021-03-02 08:24:52,456.510653886,35.1949656,-106.5960523,1552.03
2021-03-02 08:24:53,457.189181432,35.1949674,-106.5960524,1552.03
2021-03-02 08:24:54,457.900158321,35.1949692,-106.5960523,1552.03
2021-03-02 08:24:55,458.593691274,35.1949709,-106.5960523,1552.03
2021-03-02 08:24:56,459.356186141,35.1949727,-106.5960523,1552.03
2021-03-02 08:24:57,460.108193599,35.1949744,-106.5960522,1552.04
2021-03-02 08:24:58,460.84279541,35.194976,-106.5960521,1552.02
2021-03-02 08:24:59,461.65299239,35.1949777,-106.596052,1551.99
2021-03-02 08:25:00,462.550055598,35.1949795,-106.5960518,1551.97
2021-03-02 08:25:01,463.489811186,35.1949813,-106.5960515,1551.98
2021-03-02 08:25:02,464.529600491,35.1949832,-106.5960511,1551.97
2021-03-02 08:25:03,465.505707084,35.1949849,-106.5960506,1551.96
2021-03-02 08:25:04,466.522526014,35.1949866,-106.5960501,1551.95
2021-03-02 08:25:05,467.582629322,35.1949883,-106.5960496,1551.95
2021-03-02 08:25:06,468.622832706,35.1949899,-106.5960491,1551.92
2021-03-02 08:25:07,469.705150323,35.1949915,-106.5960487,1551.9
2021-03-02 08:25:08,470.833858939,35.1949931,-106.5960484,1551.87
2021-03-02 08:25:09,472.088957671,35.1949948,-106.5960479,1551.87
2021-03-02 08:25:10,473.483902701,35.1949966,-106.5960475,1551.86
2021-03-02 08:25:11,474.954123252,35.1949984,-106.5960472,1551.83
2021-03-02 08:25:12,476.685828765,35.1950004,-106.596047,1551.82
2021-03-02 08:25:13,478.529014851,35.1950024,-106.5960468,1551.81
2021-03-02 08:25:14,480.497557555,35.1950044,-106.5960467,1551.78
2021-03-02 08:25:15,482.49645747,35.1950063,-106.5960467,1551.79
2021-03-02 08:25:16,484.634313569,35.1950082,-106.5960468,1551.82
2021-03-02 08:25:17,486.919636621,35.1950101,-106.5960468,1551.79
2021-03-02 08:25:18,489.371555056,35.195012,-106.5960468,1551.78
2021-03-02 08:25:19,491.871682268,35.1950138,-106.596047,1551.78
2021-03-02 08:25:20,494.708187875,35.1950157,-106.5960471,1551.78
2021-03-02 08:25:21,497.943986323,35.1950177,-106.5960472,1551.76
2021-03-02 08:25:22,501.288918934,35.1950196,-106.5960474,1551.73
2021-03-02 08:25:23,504.932123536,35.1950215,-106.5960478,1551.75
2021-03-02 08:25:24,508.468192303,35.1950232,-106.5960484,1551.85
2021-03-02 08:25:25,512.526028247,35.195025,-106.596049,1551.88
2021-03-02 08:25:26,517.233000326,35.1950269,-106.5960493,1551.87
2021-03-02 08:25:27,522.43086626,35.1950288,-106.5960496,1551.87
2021-03-02 08:25:28,527.890142205,35.1950306,-106.5960498,1551.84
2021-03-02 08:25:29,533.576057884,35.1950323,-106.5960501,1551.82
2021-03-02 08:25:30,539.870241434,35.195034,-106.5960504,1551.79
2021-03-02 08:25:31,546.8977517,35.1950357,-106.5960506,1551.75
2021-03-02 08:25:32,554.796043959,35.1950374,-106.5960507,1551.73
2021-03-02 08:25:33,564.25732479,35.1950392,-106.5960508,1551.72
2021-03-02 08:25:34,574.42450946,35.1950409,-106.5960509,1551.68
2021-03-02 08:25:35,585.294348493,35.1950425,-106.596051,1551.71
2021-03-02 08:25:36,597.727686545,35.1950441,-106.596051,1551.68
2021-03-02 08:25:37,611.946044944,35.1950457,-106.596051,1551.65
2021-03-02 08:25:38,630.518180214,35.1950475,-106.5960509,1551.63
2021-03-02 08:25:39,651.877221405,35.1950493,-106.5960509,1551.6
2021-03-02 08:25:40,673.109273559,35.1950509,-106.5960508,1551.58
2021-03-02 08:25:41,695.84682706,35.1950526,-106.5960506,1551.54
2021-03-02 08:25:42,709.354088803,35.1950543,-106.5960504,1551.54
2021-03-02 08:25:43,680.868808719,35.1950559,-106.5960503,1551.58
2021-03-02 08:25:44,515.583059329,35.1950575,-106.5960501,1551.59
2021-03-02 08:25:45,420.0,35.1950591,-106.5960498,1551.61
2021-03-02 08:25:46,420.0,35.1950606,-106.5960495,1551.63
2021-03-02 08:25:47,420.0,35.1950619,-106.5960493,1551.65
2021-03-02 08:25:48,420.0,35.195063,-106.596049,1551.64
2021-03-02 08:25:49,420.0,35.1950639,-106.5960487,1551.62
2021-03-02 08:25:50,420.0,35.1950644,-106.5960484,1551.62
2021-03-02 08:25:51,420.0,35.1950646,-106.5960481,1551.59
2021-03-02 08:25:52,420.0,35.1950645,-106.5960478,1551.6
2021-03-02 08:25:53,420.0,35.1950641,-106.5960474,1551.58
2021-03-02 08:25:54,420.0,35.1950633,-106.5960469,1551.51
2021-03-02 08:25:55,420.0,35.1950622,-106.5960464,1551.43
2021-03-02 08:25:56,420.0,35.1950608,-106.5960461,1551.41
2021-03-02 08:25:57,420.0,35.1950591,-106.5960459,1551.38
2021-03-02 08:25:58,560.746579854,35.1950572,-106.5960456,1551.34
2021-03-02 08:25:59,701.080285291,35.1950552,-106.5960453,1551.3
2021-03-02 08:26:00,700.620351274,35.1950531,-106.5960451,1551.29
2021-03-02 08:26:01,676.757992444,35.1950512,-106.596045,1551.28
2021-03-02 08:26:02,655.52208014,35.1950496,-106.596045,1551.26
2021-03-02 08:26:03,639.506685518,35.1950483,-106.596045,1551.23
2021-03-02 08:26:04,627.011024773,35.1950472,-106.5960449,1551.19
2021-03-02 08:26:05,619.597173256,35.1950465,-106.5960448,1551.17
2021-03-02 08:26:06,614.631981143,35.195046,-106.5960448,1551.11
2021-03-02 08:26:07,613.66383244,35.1950459,-106.5960448,1551.07
2021-03-02 08:26:08,618.490879673,35.1950464,-106.5960447,1551.05
2021-03-02 08:26:09,628.963665186,35.1950474,-106.5960447,1551.01
2021-03-02 08:26:10,645.103341378,35.1950488,-106.5960447,1551.01
2021-03-02 08:26:11,668.15096799,35.1950506,-106.5960447,1550.98
2021-03-02 08:26:12,694.356014136,35.1950526,-106.5960448,1550.98
2021-03-02 08:26:13,705.265042711,35.1950547,-106.5960448,1550.96
2021-03-02 08:26:14,608.746812498,35.1950568,-106.5960449,1550.94
2021-03-02 08:26:15,420.0,35.1950592,-106.596045,1550.93
2021-03-02 08:26:16,420.0,35.1950616,-106.5960451,1550.95
2021-03-02 08:26:17,420.0,35.195064,-106.5960453,1550.98
2021-03-02 08:26:18,420.0,35.1950661,-106.5960455,1551.02
2021-03-02 08:26:19,420.0,35.1950678,-106.5960456,1551.01
2021-03-02 08:26:20,420.0,35.1950693,-106.5960458,1551.02
2021-03-02 08:26:21,420.0,35.1950703,-106.5960463,1550.99
2021-03-02 08:26:22,420.0,35.195071,-106.5960466,1550.96
2021-03-02 08:26:23,420.0,35.1950712,-106.5960469,1550.94
2021-03-02 08:26:24,420.0,35.1950707,-106.5960472,1550.88
2021-03-02 08:26:25,420.0,35.1950698,-106.5960474,1550.86
2021-03-02 08:26:26,420.0,35.1950686,-106.5960474,1550.83
2021-03-02 08:26:27,420.0,35.1950671,-106.5960473,1550.8
2021-03-02 08:26:28,420.0,35.1950653,-106.5960471,1550.82
2021-03-02 08:26:29,420.0,35.1950632,-106.5960469,1550.82
2021-03-02 08:26:30,420.0,35.195061,-106.5960467,1550.81
2021-03-02 08:26:31,420.0008444,35.1950586,-106.5960465,1550.83
2021-03-02 08:26:32,666.313582069,35.1950562,-106.5960463,1550.83
2021-03-02 08:26:33,708.135320048,35.1950537,-106.5960461,1550.83
2021-03-02 08:26:34,681.074401861,35.1950514,-106.596046,1550.82
2021-03-02 08:26:35,651.560075957,35.1950492,-106.596046,1550.82
2021-03-02 08:26:36,628.893753425,35.1950473,-106.5960458,1550.82
2021-03-02 08:26:37,614.354639838,35.1950459,-106.5960457,1550.83
2021-03-02 08:26:38,603.143790545,35.1950447,-106.5960455,1550.83
2021-03-02 08:26:39,596.30685036,35.1950439,-106.5960454,1550.85
2021-03-02 08:26:40,593.935617762,35.1950436,-106.5960455,1550.85
2021-03-02 08:26:41,595.547031303,35.1950438,-106.5960455,1550.84
2021-03-02 08:26:42,601.345214236,35.1950445,-106.5960454,1550.86
2021-03-02 08:26:43,612.225098378,35.1950457,-106.5960454,1550.92
2021-03-02 08:26:44,628.570325719,35.1950473,-106.5960454,1550.95
2021-03-02 08:26:45,650.825558416,35.1950492,-106.5960453,1550.95
2021-03-02 08:26:46,678.473559057,35.1950513,-106.5960452,1550.96
2021-03-02 08:26:47,705.262295126,35.1950536,-106.5960452,1550.97
2021-03-02 08:26:48,673.720781731,35.195056,-106.5960452,1550.98
2021-03-02 08:26:49,420.046140313,35.1950585,-106.5960453,1550.98
2021-03-02 08:26:50,420.0,35.1950609,-106.5960453,1550.98
2021-03-02 08:26:51,420.0,35.1950629,-106.5960453,1550.96
2021-03-02 08:26:52,420.0,35.1950646,-106.5960453,1550.91
2021-03-02 08:26:53,420.0,35.1950659,-106.5960452,1550.86
2021-03-02 08:26:54,420.0,35.1950671,-106.5960452,1550.83
2021-03-02 08:26:55,420.0,35.195068,-106.5960451,1550.83
2021-03-02 08:26:56,420.0,35.1950689,-106.5960451,1550.86
2021-03-02 08:26:57,420.0,35.1950697,-106.5960449,1550.89
2021-03-02 08:26:58,420.0,35.1950704,-106.5960448,1550.93
2021-03-02 08:26:59,420.0,35.1950712,-106.5960448,1550.96
2021-03-02 08:27:00,420.0,35.1950719,-106.5960447,1550.97
2021-03-02 08:27:01,420.0,35.1950725,-106.5960446,1551.0
2021-03-02 08:27:02,420.0,35.195073,-106.5960444,1551.06
2021-03-02 08:27:03,420.0,35.1950733,-106.5960442,1551.08
2021-03-02 08:27:04,420.0,35.1950737,-106.596044,1551.07
2021-03-02 08:27:05,420.0,35.1950739,-106.5960439,1551.1
2021-03-02 08:27:06,420.0,35.1950739,-106.5960437,1551.11
2021-03-02 08:27:07,420.0,35.195074,-106.5960435,1551.1
2021-03-02 08:27:08,420.0,35.1950741,-106.5960433,1551.08
2021-03-02 08:27:09,420.0,35.1950741,-106.596043,1551.07
2021-03-02 08:27:10,420.0,35.1950741,-106.5960428,1551.08
2021-03-02 08:27:11,420.0,35.1950741,-106.5960426,1551.07
2021-03-02 08:27:12,420.0,35.1950741,-106.5960425,1551.06
2021-03-02 08:27:13,420.0,35.1950742,-106.5960425,1551.05
2021-03-02 08:27:14,420.0,35.1950742,-106.5960425,1551.05
2021-03-02 08:27:15,420.0,35.1950742,-106.5960426,1551.06
2021-03-02 08:27:16,420.0,35.1950743,-106.5960426,1551.09
2021-03-02 08:27:17,420.0,35.1950744,-106.5960427,1551.09
2021-03-02 08:27:18,420.0,35.1950744,-106.5960427,1551.06
2021-03-02 08:27:19,420.0,35.1950744,-106.5960427,1551.05
2021-03-02 08:27:20,420.0,35.1950745,-106.5960426,1551.02
2021-03-02 08:27:21,420.0,35.1950744,-106.5960425,1550.99
2021-03-02 08:27:22,420.0,35.1950742,-106.5960423,1550.97
2021-03-02 08:27:23,420.0,35.195074,-106.5960422,1550.93
2021-03-02 08:27:24,420.0,35.1950738,-106.596042,1550.91
2021-03-02 08:27:25,420.0,35.1950736,-106.5960419,1550.89
2021-03-02 08:27:26,420.0,35.1950735,-106.5960417,1550.87
2021-03-02 08:27:27,420.0,35.1950733,-106.5960415,1550.83
2021-03-02 08:27:28,420.0,35.1950733,-106.5960415,1550.8
2021-03-02 08:27:29,420.0,35.1950732,-106.5960415,1550.78
2021-03-02 08:27:30,420.0,35.1950732,-106.5960417,1550.78
2021-03-02 08:27:31,420.0,35.1950732,-106.596042,1550.78
2021-03-02 08:27:32,420.0,35.1950732,-106.5960424,1550.78
2021-03-02 08:27:33,420.0,35.1950731,-106.5960427,1550.75
2021-03-02 08:27:34,420.0,35.1950731,-106.5960431,1550.72
2021-03-02 08:27:35,420.0,35.195073,-106.5960435,1550.71
2021-03-02 08:27:36,420.0,35.1950731,-106.5960439,1550.67
2021-03-02 08:27:37,420.0,35.1950731,-106.5960444,1550.67
2021-03-02 08:27:38,420.0,35.195073,-106.5960448,1550.64
2021-03-02 08:27:39,420.0,35.1950729,-106.5960451,1550.61
2021-03-02 08:27:40,420.0,35.1950728,-106.5960455,1550.58
2021-03-02 08:27:41,420.0,35.1950727,-106.5960458,1550.57
2021-03-02 08:27:42,420.0,35.1950727,-106.5960461,1550.58
2021-03-02 08:27:43,420.0,35.1950726,-106.5960464,1550.58
2021-03-02 08:27:44,420.0,35.1950727,-106.5960468,1550.6
2021-03-02 08:27:45,420.0,35.1950726,-106.596047,1550.62
2021-03-02 08:27:46,420.0,35.1950726,-106.5960471,1550.63
2021-03-02 08:27:47,420.0,35.1950727,-106.5960473,1550.64
2021-03-02 08:27:48,420.0,35.1950728,-106.5960474,1550.64
2021-03-02 08:27:49,420.0,35.1950728,-106.5960475,1550.62
2021-03-02 08:27:50,420.0,35.1950729,-106.5960475,1550.62
2021-03-02 08:27:51,420.0,35.1950729,-106.5960475,1550.62
2021-03-02 08:27:52,420.0,35.1950729,-106.5960474,1550.62
2021-03-02 08:27:53,420.0,35.1950729,-106.5960473,1550.63
2021-03-02 08:27:54,420.0,35.1950729,-106.5960473,1550.66
2021-03-02 08:27:55,420.0,35.195073,-106.5960472,1550.67
2021-03-02 08:27:56,420.0,35.1950731,-106.5960471,1550.68
2021-03-02 08:27:57,420.0,35.1950733,-106.596047,1550.69
2021-03-02 08:27:58,420.0,35.1950734,-106.596047,1550.7
2021-03-02 08:27:59,420.0,35.1950736,-106.596047,1550.7
2021-03-02 08:28:00,420.0,35.1950737,-106.596047,1550.7
2021-03-02 08:28:01,420.0,35.1950739,-106.5960469,1550.69
2021-03-02 08:28:02,420.0,35.195074,-106.5960468,1550.67
2021-03-02 08:28:03,420.0,35.1950741,-106.5960466,1550.68
2021-03-02 08:28:04,420.0,35.1950743,-106.5960466,1550.69
2021-03-02 08:28:05,420.0,35.1950744,-106.5960465,1550.68
2021-03-02 08:28:06,420.0,35.1950745,-106.5960465,1550.66
2021-03-02 08:28:07,420.0,35.1950745,-106.5960465,1550.62
2021-03-02 08:28:08,420.0,35.1950745,-106.5960464,1550.59
2021-03-02 08:28:09,420.0,35.1950745,-106.5960464,1550.58
2021-03-02 08:28:10,420.0,35.1950744,-106.5960464,1550.59
2021-03-02 08:28:11,420.0,35.1950744,-106.5960463,1550.6
2021-03-02 08:28:12,420.0,35.1950744,-106.5960462,1550.6
2021-03-02 08:28:13,420.0,35.1950743,-106.596046,1550.58
2021-03-02 08:28:14,420.0,35.1950742,-106.5960456,1550.56
2021-03-02 08:28:15,420.0,35.1950741,-106.5960453,1550.57
2021-03-02 08:28:16,420.0,35.1950739,-106.596045,1550.55
2021-03-02 08:28:17,420.0,35.1950738,-106.5960447,1550.54
2021-03-02 08:28:18,420.0,35.1950739,-106.5960443,1550.56
2021-03-02 08:28:19,420.0,35.1950739,-106.5960441,1550.57
2021-03-02 08:28:20,420.0,35.195074,-106.5960439,1550.59
2021-03-02 08:28:21,420.0,35.1950741,-106.5960437,1550.63
2021-03-02 08:28:22,420.0,35.1950741,-106.5960436,1550.63
2021-03-02 08:28:23,420.0,35.1950741,-106.5960435,1550.65
2021-03-02 08:28:24,420.0,35.1950741,-106.5960436,1550.65
2021-03-02 08:28:25,420.0,35.195074,-106.5960436,1550.63
2021-03-02 08:28:26,420.0,35.195074,-106.5960438,1550.62
2021-03-02 08:28:27,420.0,35.1950739,-106.5960441,1550.61
2021-03-02 08:28:28,420.0,35.1950738,-106.5960442,1550.58
2021-03-02 08:28:29,420.0,35.1950737,-106.5960442,1550.56
2021-03-02 08:28:30,420.0,35.1950736,-106.5960443,1550.55
2021-03-02 08:28:31,420.0,35.1950736,-106.5960444,1550.54
2021-03-02 08:28:32,420.0,35.1950736,-106.5960444,1550.54
2021-03-02 08:28:33,420.0,35.1950734,-106.5960445,1550.52
2021-03-02 08:28:34,420.0,35.1950733,-106.5960446,1550.51
2021-03-02 08:28:35,420.0,35.1950731,-106.5960448,1550.47
2021-03-02 08:28:36,420.0,35.195073,-106.5960449,1550.44
2021-03-02 08:28:37,420.0,35.1950729,-106.5960451,1550.44
2021-03-02 08:28:38,420.0,35.1950727,-106.5960451,1550.43
2021-03-02 08:28:39,420.0,35.1950725,-106.5960452,1550.42
2021-03-02 08:28:40,420.0,35.1950724,-106.5960453,1550.39
2021-03-02 08:28:41,420.0,35.1950723,-106.5960454,1550.38
2021-03-02 08:28:42,420.0,35.1950722,-106.5960454,1550.35
2021-03-02 08:28:43,420.0,35.1950721,-106.5960455,1550.38
2021-03-02 08:28:44,420.0,35.1950719,-106.5960457,1550.43
2021-03-02 08:28:45,420.0,35.1950718,-106.5960458,1550.48
2021-03-02 08:28:46,420.0,35.1950717,-106.5960457,1550.51
2021-03-02 08:28:47,420.0,35.1950717,-106.5960457,1550.57
2021-03-02 08:28:48,420.0,35.1950717,-106.5960457,1550.64
2021-03-02 08:28:49,420.0,35.1950717,-106.5960456,1550.72
2021-03-02 08:28:50,420.0,35.1950717,-106.5960456,1550.77
2021-03-02 08:28:51,420.0,35.1950716,-106.5960457,1550.83
2021-03-02 08:28:52,420.0,35.1950716,-106.5960458,1550.87
2021-03-02 08:28:53,420.0,35.1950715,-106.5960459,1550.91
2021-03-02 08:28:54,420.0,35.1950716,-106.596046,1550.95
2021-03-02 08:28:55,420.0,35.1950715,-106.5960462,1550.99
2021-03-02 08:28:56,420.0,35.1950716,-106.5960463,1551.01
2021-03-02 08:28:57,420.0,35.1950716,-106.5960466,1551.02
2021-03-02 08:28:58,420.0,35.1950715,-106.5960468,1551.01
2021-03-02 08:28:59,420.0,35.1950714,-106.5960471,1551.02
2021-03-02 08:29:00,420.0,35.1950713,-106.5960474,1551.03
2021-03-02 08:29:01,420.0,35.1950712,-106.5960478,1551.02
2021-03-02 08:29:02,420.0,35.195071,-106.5960482,1551.02
2021-03-02 08:29:03,420.0,35.1950708,-106.5960485,1551.04
2021-03-02 08:29:04,420.0,35.1950707,-106.5960486,1551.02
2021-03-02 08:29:05,420.0,35.1950705,-106.5960487,1551.02
2021-03-02 08:29:06,420.0,35.1950704,-106.5960488,1551.03
2021-03-02 08:29:07,420.0,35.1950702,-106.5960488,1551.03
2021-03-02 08:29:08,420.0,35.1950701,-106.5960488,1551.03
2021-03-02 08:29:09,420.0,35.1950699,-106.5960487,1551.01
2021-03-02 08:29:10,420.0,35.1950699,-106.5960487,1550.99
2021-03-02 08:29:11,420.0,35.19507,-106.5960486,1550.99
2021-03-02 08:29:12,420.0,35.19507,-106.5960484,1550.98
2021-03-02 08:29:13,420.0,35.1950702,-106.5960483,1550.98
2021-03-02 08:29:14,420.0,35.1950703,-106.5960479,1550.97
2021-03-02 08:29:15,420.0,35.1950707,-106.5960476,1550.97
2021-03-02 08:29:16,420.0,35.1950711,-106.5960473,1550.97
2021-03-02 08:29:17,420.0,35.1950714,-106.5960469,1550.98
2021-03-02 08:29:18,420.0,35.1950717,-106.5960463,1550.96
2021-03-02 08:29:19,420.0,35.195072,-106.5960456,1550.91
2021-03-02 08:29:20,420.0,35.1950724,-106.5960449,1550.89
2021-03-02 08:29:21,420.0,35.1950727,-106.5960443,1550.9
2021-03-02 08:29:22,420.0,35.1950731,-106.5960436,1550.86
2021-03-02 08:29:23,420.0,35.1950734,-106.596043,1550.83
2021-03-02 08:29:24,420.0,35.1950737,-106.5960425,1550.8
2021-03-02 08:29:25,420.0,35.195074,-106.596042,1550.79
2021-03-02 08:29:26,420.0,35.1950743,-106.5960416,1550.72
2021-03-02 08:29:27,420.0,35.1950744,-106.5960414,1550.7
2021-03-02 08:29:28,420.0,35.1950746,-106.5960413,1550.69
2021-03-02 08:29:29,420.0,35.1950748,-106.5960414,1550.7
2021-03-02 08:29:30,420.0,35.195075,-106.5960415,1550.72
2021-03-02 08:29:31,420.0,35.1950752,-106.5960416,1550.72
2021-03-02 08:29:32,420.0,35.1950754,-106.5960418,1550.74
2021-03-02 08:29:33,420.0,35.1950755,-106.5960419,1550.71
2021-03-02 08:29:34,420.0,35.1950757,-106.5960421,1550.71
2021-03-02 08:29:35,420.0,35.1950758,-106.5960422,1550.68
2021-03-02 08:29:36,420.0,35.1950757,-106.5960425,1550.66
2021-03-02 08:29:37,420.0,35.1950757,-106.5960427,1550.64
2021-03-02 08:29:38,420.0,35.1950756,-106.5960429,1550.64
2021-03-02 08:29:39,420.0,35.1950754,-106.5960432,1550.64
2021-03-02 08:29:40,420.0,35.1950753,-106.5960434,1550.63
2021-03-02 08:29:41,420.0,35.1950752,-106.5960436,1550.63
2021-03-02 08:29:42,420.0,35.1950752,-106.596044,1550.64
2021-03-02 08:29:43,420.0,35.1950752,-106.5960444,1550.64
2021-03-02 08:29:44,420.0,35.1950751,-106.5960448,1550.66
2021-03-02 08:29:45,420.0,35.1950751,-106.5960452,1550.68
2021-03-02 08:29:46,420.0,35.195075,-106.5960455,1550.69
2021-03-02 08:29:47,420.0,35.1950748,-106.5960459,1550.73
2021-03-02 08:29:48,420.0,35.1950747,-106.5960462,1550.73
2021-03-02 08:29:49,420.0,35.1950744,-106.5960464,1550.72
2021-03-02 08:29:50,420.0,35.1950741,-106.5960466,1550.75
2021-03-02 08:29:51,420.0,35.195074,-106.5960467,1550.76
2021-03-02 08:29:52,420.0,35.1950737,-106.5960468,1550.78
2021-03-02 08:29:53,420.0,35.1950734,-106.5960469,1550.8
2021-03-02 08:29:54,420.0,35.1950732,-106.5960468,1550.81
2021-03-02 08:29:55,420.0,35.1950729,-106.5960467,1550.82
2021-03-02 08:29:56,420.0,35.1950727,-106.5960467,1550.84
2021-03-02 08:29:57,420.0,35.1950725,-106.5960467,1550.84
2021-03-02 08:29:58,420.0,35.1950724,-106.5960468,1550.85
2021-03-02 08:29:59,420.0,35.1950723,-106.5960468,1550.82
2021-03-02 08:30:00,420.0,35.1950723,-106.596047,1550.81
2021-03-02 08:30:01,420.0,35.1950723,-106.5960471,1550.81
2021-03-02 08:30:02,420.0,35.1950725,-106.5960471,1550.83
2021-03-02 08:30:03,420.0,35.1950726,-106.5960473,1550.91
2021-03-02 08:30:04,420.0,35.1950727,-106.5960471,1551.01
2021-03-02 08:30:05,420.0,35.1950728,-106.5960472,1551.18
2021-03-02 08:30:06,420.0,35.195073,-106.5960472,1551.32
2021-03-02 08:30:07,420.0,35.1950731,-106.5960471,1551.49
2021-03-02 08:30:08,420.0,35.1950732,-106.5960467,1551.79
2021-03-02 08:30:09,420.0,35.1950731,-106.5960466,1552.16
2021-03-02 08:30:10,420.0,35.1950732,-106.5960465,1552.46
2021-03-02 08:30:11,420.0,35.1950734,-106.5960463,1552.78
2021-03-02 08:30:12,420.0,35.1950734,-106.5960462,1553.12
2021-03-02 08:30:13,420.0,35.1950735,-106.5960462,1553.47
2021-03-02 08:30:14,420.0,35.1950737,-106.5960462,1553.81
2021-03-02 08:30:15,420.0,35.195074,-106.5960463,1554.07
2021-03-02 08:30:16,420.0,35.1950743,-106.5960464,1554.29
2021-03-02 08:30:17,420.0,35.1950744,-106.5960465,1554.5
2021-03-02 08:30:18,420.0,35.1950746,-106.5960465,1554.66
2021-03-02 08:30:19,420.0,35.1950745,-106.5960469,1554.9
2021-03-02 08:30:20,420.0,35.1950743,-106.5960473,1555.01
2021-03-02 08:30:21,420.0,35.1950738,-106.5960476,1555.09
2021-03-02 08:30:22,420.0,35.1950732,-106.5960479,1555.1
2021-03-02 08:30:23,420.0,35.1950724,-106.5960484,1555.23
2021-03-02 08:30:24,420.0,35.1950712,-106.5960489,1555.26
2021-03-02 08:30:25,420.0,35.1950697,-106.5960493,1555.28
2021-03-02 08:30:26,420.0,35.195068,-106.59605,1555.27
2021-03-02 08:30:27,420.0,35.1950661,-106.5960506,1555.26
2021-03-02 08:30:28,420.0,35.1950641,-106.5960513,1555.25
2021-03-02 08:30:29,420.0,35.1950619,-106.596052,1555.24
2021-03-02 08:30:30,420.0,35.1950593,-106.5960528,1555.21
2021-03-02 08:30:31,621.438508328,35.1950565,-106.5960535,1555.19
2021-03-02 08:30:32,689.416693187,35.1950535,-106.5960543,1555.17
2021-03-02 08:30:33,652.169922821,35.1950502,-106.5960553,1555.12
2021-03-02 08:30:34,610.581187101,35.1950465,-106.5960565,1555.1
2021-03-02 08:30:35,578.005435415,35.1950426,-106.5960578,1555.05
2021-03-02 08:30:36,552.568437682,35.1950383,-106.5960589,1555.0
2021-03-02 08:30:37,532.615423209,35.1950337,-106.5960602,1554.91
2021-03-02 08:30:38,516.837023579,35.1950288,-106.5960616,1554.86
2021-03-02 08:30:39,503.96288165,35.1950235,-106.5960631,1554.84
2021-03-02 08:30:40,493.36331097,35.1950178,-106.5960647,1554.87
2021-03-02 08:30:41,484.948407511,35.195012,-106.5960663,1554.88
2021-03-02 08:30:42,477.74524727,35.1950057,-106.5960679,1554.95
2021-03-02 08:30:43,471.609669008,35.1949991,-106.5960698,1555.02
2021-03-02 08:30:44,466.395072309,35.1949922,-106.5960718,1555.03
2021-03-02 08:30:45,461.797363818,35.1949848,-106.596074,1555.0
2021-03-02 08:30:46,457.94703646,35.1949773,-106.5960762,1555.03
2021-03-02 08:30:47,454.535019796,35.1949694,-106.5960786,1555.04
2021-03-02 08:30:48,451.595956324,35.1949613,-106.596081,1555.05
2021-03-02 08:30:49,448.987556693,35.194953,-106.5960837,1555.09
2021-03-02 08:30:50,446.616402835,35.1949443,-106.5960867,1555.13
2021-03-02 08:30:51,444.503518414,35.1949352,-106.5960897,1555.05
2021-03-02 08:30:52,442.587730798,35.1949256,-106.5960928,1554.96
2021-03-02 08:30:53,440.873992394,35.1949157,-106.596096,1554.88
2021-03-02 08:30:54,439.291687788,35.1949052,-106.5960994,1554.82
2021-03-02 08:30:55,437.919090708,35.1948947,-106.5961027,1554.73
2021-03-02 08:30:56,436.693471474,35.194884,-106.596106,1554.62
2021-03-02 08:30:57,435.571006265,35.1948729,-106.5961094,1554.54
2021-03-02 08:30:58,434.573759048,35.1948615,-106.5961126,1554.48
2021-03-02 08:30:59,433.638635257,35.1948497,-106.5961161,1554.43
2021-03-02 08:31:00,432.794671648,35.1948379,-106.5961197,1554.31
2021-03-02 08:31:01,431.99136326,35.1948257,-106.5961237,1554.29
2021-03-02 08:31:02,431.27830359,35.1948134,-106.5961275,1554.21
2021-03-02 08:31:03,430.636684357,35.194801,-106.5961312,1554.12
2021-03-02 08:31:04,430.022533534,35.1947881,-106.5961352,1554.14
2021-03-02 08:31:05,429.470239865,35.1947752,-106.5961391,1554.08
2021-03-02 08:31:06,428.964176214,35.1947622,-106.596143,1554.03
2021-03-02 08:31:07,428.494010205,35.1947491,-106.596147,1553.98
2021-03-02 08:31:08,428.063852272,35.1947358,-106.5961509,1553.96
2021-03-02 08:31:09,427.672578904,35.1947225,-106.5961547,1553.91
2021-03-02 08:31:10,427.309958269,35.1947091,-106.5961585,1553.87
2021-03-02 08:31:11,426.963728119,35.1946955,-106.5961625,1553.84
2021-03-02 08:31:12,426.642944234,35.1946819,-106.5961665,1553.79
2021-03-02 08:31:13,426.31632396,35.1946673,-106.596171,1553.95
2021-03-02 08:31:14,425.986562233,35.194652,-106.5961761,1554.19
2021-03-02 08:31:15,425.720777827,35.1946378,-106.5961803,1554.18
2021-03-02 08:31:16,425.479236112,35.1946236,-106.5961843,1554.16
2021-03-02 08:31:17,425.252641328,35.1946093,-106.5961883,1554.14
2021-03-02 08:31:18,425.040994089,35.1945951,-106.5961923,1554.11
2021-03-02 08:31:19,424.847294542,35.1945808,-106.5961961,1554.04
2021-03-02 08:31:20,424.65919485,35.1945664,-106.5962001,1554.03
2021-03-02 08:31:21,424.487728585,35.1945521,-106.5962039,1554.0
2021-03-02 08:31:22,424.325453015,35.1945377,-106.5962077,1553.95
2021-03-02 08:31:23,424.172531476,35.1945234,-106.5962115,1553.89
2021-03-02 08:31:24,424.025521488,35.1945091,-106.5962154,1553.86
2021-03-02 08:31:25,423.886952312,35.194495,-106.5962193,1553.83
2021-03-02 08:31:26,423.747817048,35.1944805,-106.5962235,1553.9
2021-03-02 08:31:27,423.615003665,35.1944657,-106.5962277,1554.04
2021-03-02 08:31:28,423.496827011,35.1944516,-106.5962316,1554.03
2021-03-02 08:31:29,423.386958311,35.1944378,-106.5962354,1554.03
2021-03-02 08:31:30,423.282362749,35.1944241,-106.5962392,1554.05
2021-03-02 08:31:31,423.184886944,35.1944107,-106.5962429,1554.05
2021-03-02 08:31:32,423.089877184,35.1943973,-106.5962467,1554.07
2021-03-02 08:31:33,422.999674783,35.1943843,-106.5962505,1554.11
2021-03-02 08:31:34,422.911905008,35.1943715,-106.5962544,1554.14
2021-03-02 08:31:35,422.831153431,35.1943589,-106.5962581,1554.15
2021-03-02 08:31:36,422.752603354,35.1943467,-106.5962619,1554.16
2021-03-02 08:31:37,422.680423627,35.1943348,-106.5962655,1554.2
2021-03-02 08:31:38,420.0,35.194323,-106.596269,1554.2
2021-03-02 08:31:39,420.0,35.1943117,-106.5962724,1554.18
2021-03-02 08:31:40,420.0,35.1943006,-106.596276,1554.2
2021-03-02 08:31:41,420.0,35.1942899,-106.5962796,1554.2
2021-03-02 08:31:42,420.0,35.1942795,-106.5962833,1554.2
2021-03-02 08:31:43,420.0,35.1942696,-106.5962868,1554.15
2021-03-02 08:31:44,420.0,35.1942599,-106.5962905,1554.13
2021-03-02 08:31:45,420.0,35.1942506,-106.5962942,1554.11
2021-03-02 08:31:46,420.0,35.1942417,-106.5962979,1554.1
2021-03-02 08:31:47,420.0,35.1942333,-106.5963015,1554.08
2021-03-02 08:31:48,420.0,35.1942251,-106.596305,1554.1
2021-03-02 08:31:49,420.0,35.1942174,-106.5963086,1554.06
2021-03-02 08:31:50,420.0,35.1942099,-106.5963122,1554.03
2021-03-02 08:31:51,420.0,35.1942026,-106.5963157,1554.03
2021-03-02 08:31:52,420.0,35.1941958,-106.5963189,1553.99
2021-03-02 08:31:53,420.0,35.1941894,-106.596322,1553.99
2021-03-02 08:31:54,420.0,35.1941832,-106.5963249,1553.98
2021-03-02 08:31:55,420.0,35.1941772,-106.5963276,1553.96
2021-03-02 08:31:56,420.0,35.1941716,-106.5963303,1553.96
2021-03-02 08:31:57,420.0,35.1941663,-106.5963329,1554.0
2021-03-02 08:31:58,420.0,35.1941612,-106.5963354,1554.13
2021-03-02 08:31:59,420.0,35.1941566,-106.5963376,1554.16
2021-03-02 08:32:00,420.0,35.1941524,-106.5963397,1554.2
2021-03-02 08:32:01,420.0,35.1941483,-106.5963418,1554.35
2021-03-02 08:32:02,420.0,35.1941444,-106.596344,1554.63
2021-03-02 08:32:03,420.0,35.1941415,-106.5963452,1554.64
2021-03-02 08:32:04,420.0,35.1941392,-106.5963463,1554.7
2021-03-02 08:32:05,420.0,35.1941374,-106.5963472,1554.78
2021-03-02 08:32:06,420.0,35.1941358,-106.5963477,1554.83
2021-03-02 08:32:07,420.0,35.1941346,-106.5963481,1554.91
2021-03-02 08:32:08,420.0,35.1941339,-106.5963485,1554.99
2021-03-02 08:32:09,420.0,35.1941336,-106.5963485,1555.04
2021-03-02 08:32:10,420.0,35.1941335,-106.5963482,1555.13
2021-03-02 08:32:11,420.0,35.1941338,-106.5963481,1555.19
2021-03-02 08:32:12,420.0,35.1941343,-106.5963476,1555.25
2021-03-02 08:32:13,420.0,35.1941349,-106.596347,1555.34
2021-03-02 08:32:14,420.0,35.1941354,-106.596347,1555.57
2021-03-02 08:32:15,420.0,35.1941359,-106.5963469,1555.79
2021-03-02 08:32:16,420.0,35.1941367,-106.5963464,1555.84
2021-03-02 08:32:17,420.0,35.1941375,-106.5963458,1555.88
2021-03-02 08:32:18,420.0,35.1941383,-106.5963453,1555.9
2021-03-02 08:32:19,420.0,35.1941391,-106.5963446,1555.94
2021-03-02 08:32:20,420.0,35.1941396,-106.596344,1555.98
2021-03-02 08:32:21,420.0,35.1941401,-106.5963434,1555.97
2021-03-02 08:32:22,420.0,35.1941404,-106.5963428,1555.95
2021-03-02 08:32:23,420.0,35.1941409,-106.5963424,1555.94
2021-03-02 08:32:24,420.0,35.1941413,-106.5963421,1555.93
2021-03-02 08:32:25,420.0,35.1941415,-106.5963417,1555.92
2021-03-02 08:32:26,420.0,35.1941417,-106.5963414,1555.89
2021-03-02 08:32:27,420.0,35.1941418,-106.5963411,1555.84
2021-03-02 08:32:28,420.0,35.1941419,-106.5963408,1555.75
2021-03-02 08:32:29,420.0,35.1941419,-106.5963406,1555.66
2021-03-02 08:32:30,420.0,35.1941418,-106.5963404,1555.39
2021-03-02 08:32:31,420.0,35.1941419,-106.5963402,1555.17
2021-03-02 08:32:32,420.0,35.194142,-106.5963402,1554.96
2021-03-02 08:32:33,420.0,35.1941419,-106.5963402,1554.74
2021-03-02 08:32:34,420.0,35.1941417,-106.5963402,1554.53
2021-03-02 08:32:35,420.0,35.1941415,-106.5963402,1554.29
2021-03-02 08:32:36,420.0,35.194141,-106.5963401,1554.0
2021-03-02 08:32:37,420.0,35.1941406,-106.5963401,1553.69
2021-03-02 08:32:38,420.0,35.1941403,-106.5963401,1553.41
2021-03-02 08:32:39,420.0,35.19414,-106.5963403,1553.11
2021-03-02 08:32:40,420.0,35.1941397,-106.5963404,1552.87
2021-03-02 08:32:41,420.0,35.1941393,-106.5963405,1552.6
2021-03-02 08:32:42,420.0,35.1941387,-106.5963405,1552.4
2021-03-02 08:32:43,420.0,35.1941383,-106.5963404,1552.18
2021-03-02 08:32:44,420.0,35.1941379,-106.5963405,1551.92
2021-03-02 08:32:45,420.0,35.1941376,-106.5963405,1551.7
2021-03-02 08:32:46,420.0,35.1941374,-106.5963405,1551.56
2021-03-02 08:32:47,420.0,35.1941372,-106.5963406,1551.45
2021-03-02 08:32:48,420.0,35.1941369,-106.5963405,1551.33
2021-03-02 08:32:49,420.0,35.1941367,-106.5963405,1551.19
2021-03-02 08:32:50,420.0,35.1941364,-106.5963404,1551.12
2021-03-02 08:32:51,420.0,35.1941362,-106.5963402,1551.03
2021-03-02 08:32:52,420.0,35.194136,-106.5963401,1551.01
2021-03-02 08:32:53,420.0,35.1941358,-106.59634,1550.9
2021-03-02 08:32:54,420.0,35.1941357,-106.5963397,1550.8
2021-03-02 08:32:55,420.0,35.1941357,-106.5963394,1550.69
2021-03-02 08:32:56,420.0,35.1941355,-106.5963394,1550.6
2021-03-02 08:32:57,420.0,35.1941354,-106.5963394,1550.52
2021-03-02 08:32:58,420.0,35.1941354,-106.5963393,1550.45
2021-03-02 08:32:59,420.0,35.1941355,-106.5963392,1550.37
2021-03-02 08:33:00,420.0,35.1941357,-106.5963393,1550.26
2021-03-02 08:33:01,420.0,35.1941358,-106.5963395,1550.19
2021-03-02 08:33:02,420.0,35.1941357,-106.5963395,1550.08
2021-03-02 08:33:03,420.0,35.1941358,-106.5963395,1549.99
2021-03-02 08:33:04,420.0,35.1941358,-106.5963398,1549.86
2021-03-02 08:33:05,420.0,35.1941359,-106.5963402,1549.78
2021-03-02 08:33:06,420.0,35.194136,-106.5963404,1549.68
2021-03-02 08:33:07,420.0,35.1941361,-106.5963406,1549.64
2021-03-02 08:33:08,420.0,35.1941363,-106.5963409,1549.56
2021-03-02 08:33:09,420.0,35.1941363,-106.5963411,1549.47
2021-03-02 08:33:10,420.0,35.1941365,-106.5963413,1549.39
2021-03-02 08:33:11,420.0,35.1941366,-106.5963417,1549.3
2021-03-02 08:33:12,420.0,35.1941367,-106.596342,1549.2
2021-03-02 08:33:13,420.0,35.1941369,-106.5963422,1549.13
2021-03-02 08:33:14,420.0,35.1941371,-106.5963426,1549.04
2021-03-02 08:33:15,420.0,35.1941371,-106.5963428,1548.93
2021-03-02 08:33:16,420.0,35.1941371,-106.5963428,1548.85
2021-03-02 08:33:17,420.0,35.1941372,-106.5963429,1548.72
2021-03-02 08:33:18,420.0,35.1941373,-106.5963432,1548.62
2021-03-02 08:33:19,420.0,35.1941372,-106.5963434,1548.53
2021-03-02 08:33:20,420.0,35.1941373,-106.5963435,1548.42
2021-03-02 08:33:21,420.0,35.1941373,-106.5963434,1548.36
2021-03-02 08:33:22,420.0,35.194137,-106.5963433,1548.32
2021-03-02 08:33:23,420.0,35.1941368,-106.596343,1548.2
2021-03-02 08:33:24,420.0,35.1941369,-106.5963426,1548.08
2021-03-02 08:33:25,420.0,35.1941368,-106.5963423,1547.96
2021-03-02 08:33:26,420.0,35.1941365,-106.5963416,1547.78
2021-03-02 08:33:27,420.0,35.1941363,-106.5963413,1547.67
2021-03-02 08:33:28,420.0,35.1941363,-106.5963409,1547.57
2021-03-02 08:33:29,420.0,35.1941363,-106.5963403,1547.45
2021-03-02 08:33:30,420.0,35.1941361,-106.5963399,1547.36
2021-03-02 08:33:31,420.0,35.1941362,-106.5963397,1547.25
2021-03-02 08:33:32,420.0,35.1941365,-106.5963394,1547.14
2021-03-02 08:33:33,420.0,35.1941365,-106.596339,1547.05
2021-03-02 08:33:34,420.0,35.1941366,-106.5963386,1546.89
2021-03-02 08:33:35,420.0,35.1941368,-106.5963386,1546.78
2021-03-02 08:33:36,420.0,35.194137,-106.5963384,1546.65
2021-03-02 08:33:37,420.0,35.1941371,-106.5963381,1546.54
2021-03-02 08:33:38,420.0,35.1941371,-106.5963382,1546.43
2021-03-02 08:33:39,420.0,35.1941373,-106.5963386,1546.27
2021-03-02 08:33:40,420.0,35.1941371,-106.5963392,1546.27
2021-03-02 08:33:41,420.0,35.194137,-106.5963394,1546.19
2021-03-02 08:33:42,420.0,35.1941371,-106.5963399,1546.04
2021-03-02 08:33:43,420.0,35.1941372,-106.5963404,1545.92
2021-03-02 08:33:44,420.0,35.1941371,-106.5963408,1545.84
2021-03-02 08:33:45,420.0,35.1941368,-106.5963417,1545.86
2021-03-02 08:33:46,420.0,35.1941367,-106.5963422,1545.79
2021-03-02 08:33:47,420.0,35.1941367,-106.5963427,1545.7
2021-03-02 08:33:48,420.0,35.1941367,-106.596343,1545.58
2021-03-02 08:33:49,420.0,35.1941365,-106.5963434,1545.49
2021-03-02 08:33:50,420.0,35.1941363,-106.5963438,1545.45
2021-03-02 08:33:51,420.0,35.1941361,-106.5963444,1545.41
2021-03-02 08:33:52,420.0,35.1941363,-106.5963447,1545.31
2021-03-02 08:33:53,420.0,35.1941363,-106.5963449,1545.22
2021-03-02 08:33:54,420.0,35.1941362,-106.596345,1545.09
2021-03-02 08:33:55,420.0,35.1941361,-106.5963451,1544.99
2021-03-02 08:33:56,420.0,35.194136,-106.5963451,1544.91
2021-03-02 08:33:57,420.0,35.1941359,-106.5963451,1544.8
2021-03-02 08:33:58,420.0,35.1941359,-106.596345,1544.66
2021-03-02 08:33:59,420.0,35.1941359,-106.5963449,1544.56
2021-03-02 08:34:00,420.0,35.1941358,-106.5963448,1544.44
2021-03-02 08:34:01,420.0,35.1941356,-106.5963446,1544.37
2021-03-02 08:34:02,420.0,35.1941357,-106.5963444,1544.29
2021-03-02 08:34:03,420.0,35.1941359,-106.5963442,1544.17
2021-03-02 08:34:04,420.0,35.194136,-106.596344,1544.09
2021-03-02 08:34:05,420.0,35.1941359,-106.5963438,1544.01
2021-03-02 08:34:06,420.0,35.1941359,-106.5963435,1543.88
2021-03-02 08:34:07,420.0,35.1941358,-106.5963433,1543.79
2021-03-02 08:34:08,420.0,35.1941358,-106.5963435,1543.73
2021-03-02 08:34:09,420.0,35.194136,-106.5963435,1543.66
2021-03-02 08:34:10,420.0,35.1941361,-106.5963433,1543.56
2021-03-02 08:34:11,420.0,35.1941361,-106.5963431,1543.42
2021-03-02 08:34:12,420.0,35.194136,-106.596343,1543.29
2021-03-02 08:34:13,420.0,35.194136,-106.596343,1543.18
2021-03-02 08:34:14,420.0,35.1941362,-106.596343,1543.0
2021-03-02 08:34:15,420.0,35.1941362,-106.596343,1542.87
2021-03-02 08:34:16,420.0,35.1941361,-106.5963428,1542.8
2021-03-02 08:34:17,420.0,35.1941362,-106.5963427,1542.72
2021-03-02 08:34:18,420.0,35.1941365,-106.5963426,1542.64
2021-03-02 08:34:19,420.0,35.1941367,-106.5963424,1542.53
2021-03-02 08:34:20,420.0,35.1941367,-106.5963423,1542.45
2021-03-02 08:34:21,420.0,35.1941368,-106.5963424,1542.36
2021-03-02 08:34:22,420.0,35.1941367,-106.5963425,1542.35
2021-03-02 08:34:23,420.0,35.1941368,-106.5963424,1542.31
2021-03-02 08:34:24,420.0,35.1941368,-106.5963424,1542.2
2021-03-02 08:34:25,420.0,35.1941368,-106.5963423,1542.11
2021-03-02 08:34:26,420.0,35.1941367,-106.5963425,1542.05
2021-03-02 08:34:27,420.0,35.1941367,-106.5963427,1541.97
2021-03-02 08:34:28,420.0,35.1941366,-106.5963429,1541.93
2021-03-02 08:34:29,420.0,35.1941367,-106.5963432,1541.9
2021-03-02 08:34:30,420.0,35.1941368,-106.5963434,1541.82
2021-03-02 08:34:31,420.0,35.1941371,-106.5963435,1541.67
2021-03-02 08:34:32,420.0,35.1941373,-106.5963437,1541.6
2021-03-02 08:34:33,420.0,35.1941376,-106.596344,1541.53
2021-03-02 08:34:34,420.0,35.1941379,-106.5963441,1541.42
2021-03-02 08:34:35,420.0,35.1941381,-106.5963445,1541.44
2021-03-02 08:34:36,420.0,35.194138,-106.5963445,1541.46
2021-03-02 08:34:37,420.0,35.194138,-106.5963442,1541.42
2021-03-02 08:34:38,420.0,35.1941381,-106.5963442,1541.39
2021-03-02 08:34:39,420.0,35.1941381,-106.596344,1541.36
2021-03-02 08:34:40,420.0,35.1941382,-106.5963439,1541.35
2021-03-02 08:34:41,420.0,35.1941382,-106.5963439,1541.32
2021-03-02 08:34:42,420.0,35.1941384,-106.5963437,1541.29
2021-03-02 08:34:43,420.0,35.1941385,-106.5963436,1541.3
2021-03-02 08:34:44,420.0,35.1941386,-106.5963435,1541.3
2021-03-02 08:34:45,420.0,35.1941387,-106.5963435,1541.27
2021-03-02 08:34:46,420.0,35.1941389,-106.5963435,1541.26
2021-03-02 08:34:47,420.0,35.1941389,-106.5963434,1541.25
2021-03-02 08:34:48,420.0,35.1941389,-106.5963433,1541.22
2021-03-02 08:34:49,420.0,35.1941389,-106.5963431,1541.2
2021-03-02 08:34:50,420.0,35.1941389,-106.596343,1541.18
2021-03-02 08:34:51,420.0,35.194139,-106.596343,1541.17
2021-03-02 08:34:52,420.0,35.194139,-106.5963429,1541.15
2021-03-02 08:34:53,420.0,35.1941391,-106.5963429,1541.11
2021-03-02 08:34:54,420.0,35.1941391,-106.5963429,1541.1
2021-03-02 08:34:55,420.0,35.1941392,-106.5963429,1541.06
2021-03-02 08:34:56,420.0,35.1941392,-106.5963428,1541.07
2021-03-02 08:34:57,420.0,35.1941393,-106.5963427,1541.07
2021-03-02 08:34:58,420.0,35.1941393,-106.5963426,1541.07
2021-03-02 08:34:59,420.0,35.1941393,-106.5963424,1541.08
2021-03-02 08:35:00,420.0,35.1941393,-106.5963423,1541.07
2021-03-02 08:35:01,420.0,35.1941392,-106.5963423,1541.06
2021-03-02 08:35:02,420.0,35.1941391,-106.5963422,1541.07
2021-03-02 08:35:03,420.0,35.194139,-106.5963421,1541.06
2021-03-02 08:35:04,420.0,35.194139,-106.596342,1541.06
2021-03-02 08:35:05,420.0,35.1941389,-106.596342,1541.02
2021-03-02 08:35:06,420.0,35.1941388,-106.596342,1541.0
2021-03-02 08:35:07,420.0,35.1941387,-106.5963419,1540.96
2021-03-02 08:35:08,420.0,35.1941386,-106.5963419,1540.93
2021-03-02 08:35:09,420.0,35.1941385,-106.5963419,1540.9
2021-03-02 08:35:10,420.0,35.1941384,-106.5963417,1540.88
2021-03-02 08:35:11,420.0,35.1941383,-106.5963417,1540.83
2021-03-02 08:35:12,420.0,35.1941382,-106.5963417,1540.8
2021-03-02 08:35:13,420.0,35.1941379,-106.5963417,1540.76
2021-03-02 08:35:14,420.0,35.1941378,-106.5963416,1540.73
2021-03-02 08:35:15,420.0,35.1941377,-106.5963415,1540.71
2021-03-02 08:35:16,420.0,35.1941375,-106.5963414,1540.66
2021-03-02 08:35:17,420.0,35.1941375,-106.5963413,1540.65
2021-03-02 08:35:18,420.0,35.1941375,-106.5963412,1540.64
2021-03-02 08:35:19,420.0,35.1941374,-106.5963411,1540.64
2021-03-02 08:35:20,420.0,35.1941374,-106.596341,1540.59
2021-03-02 08:35:21,420.0,35.1941374,-106.5963408,1540.59
2021-03-02 08:35:22,420.0,35.1941374,-106.5963407,1540.59
2021-03-02 08:35:23,420.0,35.1941374,-106.5963406,1540.59
2021-03-02 08:35:24,420.0,35.1941374,-106.5963405,1540.57
2021-03-02 08:35:25,420.0,35.1941374,-106.5963403,1540.56
2021-03-02 08:35:26,420.0,35.1941373,-106.5963402,1540.55
2021-03-02 08:35:27,420.0,35.1941373,-106.5963401,1540.52
2021-03-02 08:35:28,420.0,35.1941373,-106.5963401,1540.51
2021-03-02 08:35:29,420.0,35.1941373,-106.5963401,1540.49
2021-03-02 08:35:30,420.0,35.1941373,-106.5963401,1540.47
2021-03-02 08:35:31,420.0,35.1941372,-106.5963401,1540.44
2021-03-02 08:35:32,420.0,35.1941372,-106.5963401,1540.43
2021-03-02 08:35:33,420.0,35.1941372,-106.5963401,1540.43
2021-03-02 08:35:34,420.0,35.1941371,-106.5963401,1540.4
2021-03-02 08:35:35,420.0,35.194137,-106.5963401,1540.39
2021-03-02 08:35:36,420.0,35.194137,-106.5963401,1540.39
2021-03-02 08:35:37,420.0,35.194137,-106.5963402,1540.38
2021-03-02 08:35:38,420.0,35.1941371,-106.5963404,1540.38
2021-03-02 08:35:39,420.0,35.1941371,-106.5963406,1540.35
2021-03-02 08:35:40,420.0,35.1941371,-106.5963407,1540.34
2021-03-02 08:35:41,420.0,35.194137,-106.5963408,1540.31
2021-03-02 08:35:42,420.0,35.194137,-106.596341,1540.29
2021-03-02 08:35:43,420.0,35.1941369,-106.5963411,1540.26
2021-03-02 08:35:44,420.0,35.1941369,-106.5963413,1540.25
2021-03-02 08:35:45,420.0,35.1941369,-106.5963413,1540.24
2021-03-02 08:35:46,420.0,35.1941369,-106.5963414,1540.24
2021-03-02 08:35:47,420.0,35.1941368,-106.5963415,1540.24
2021-03-02 08:35:48,420.0,35.1941367,-106.5963416,1540.24
2021-03-02 08:35:49,420.0,35.1941366,-106.5963417,1540.23
2021-03-02 08:35:50,420.0,35.1941366,-106.5963419,1540.23
2021-03-02 08:35:51,420.0,35.1941366,-106.596342,1540.23
2021-03-02 08:35:52,420.0,35.1941366,-106.5963421,1540.23
2021-03-02 08:35:53,420.0,35.1941366,-106.5963422,1540.24
2021-03-02 08:35:54,420.0,35.1941366,-106.5963424,1540.25
2021-03-02 08:35:55,420.0,35.1941366,-106.5963425,1540.26
2021-03-02 08:35:56,420.0,35.1941365,-106.5963426,1540.24
2021-03-02 08:35:57,420.0,35.1941364,-106.5963427,1540.23
2021-03-02 08:35:58,420.0,35.1941362,-106.5963427,1540.23
2021-03-02 08:35:59,420.0,35.1941361,-106.5963428,1540.23
2021-03-02 08:36:00,420.0,35.194136,-106.596343,1540.24
2021-03-02 08:36:01,420.0,35.194136,-106.596343,1540.24
2021-03-02 08:36:02,420.0,35.1941359,-106.5963431,1540.25
2021-03-02 08:36:03,420.0,35.1941359,-106.5963432,1540.26
